imdb_id,title_imdb,title_original,year,rating,company,country,language,runtime,director,writer,actors,genres,synopsis,budget,gross_us,gross_worldwide,score,votes
tt2518788,1,,2013,Not Rated,Diamond Docs,USA,English,112.0,Paul Crowder,Mark Monroe,"Michael Fassbender, Niki Lauda, Lewis Hamilton","Documentary, History, Sport","Set in the golden era of Grand Prix Racing '1' tells the story of a generation of charismatic drivers who raced on the edge, risking their lives during Formula 1's deadliest period, and the men who stood up and changed the sport forever.",,,,8.0,3534
tt2979366,21 Days,,2014,TV-MA,Tortilla Flats Productions,USA,English,89.0,Kathleen Behun,Kathleen Behun,"Max Hambleton, Whitney Rose Pynn, Mickey River","Horror, Thriller","Three filmmakers embark on a paranormal challenge by barricading themselves in a house so haunted, no one has been able to live in for more than 21 days.",,,,4.5,493
tt5201246,No Regrets,36 Hour Layover,2016,Not Rated,,USA,English,88.0,Mark Harris,Mark Harris,"Loretta Devine, Sharon Leal, Elise Neal",Comedy,"After 12 years with her college sweetheart (and none before him), Nina meets a divorced man at her hotel during her 36 hour layover as air-hostess and spends time with him, his daughter and his ex.",1000000,,,5.8,74
tt3216846,Devilish Charm,,2014,Not Rated,Rapid Heart Pictures,USA,English,78.0,David DeCoteau,Rolfe Kanefsky,"Courtney Blythe Turk, Ryan Walker, R.J. Cantu",Thriller,"When a cursed devil's charm' bracelet shows up at a sorority house on Valentine's Day, each girl tries to make a series of wishes, and each finds that unintended consequences are the primary purpose of Satan's sinister strategy.",1000000,,,3.4,110
tt0306434,Aankhen,,2002,TV-14,Gaurang Doshi Productions,India,Hindi,165.0,Vipul Amrutlal Shah,Shobhna Desai,"Amitabh Bachchan, Akshay Kumar, Sushmita Sen","Comedy, Crime, Drama","After a temperamental man is unceremoniously stripped of his duties as a bank manager, he decides to seek revenge by robbing the bank. He trains three blind men to do this risky task for him.",,,,7.4,11512
tt0038380,"A Boy, a Girl and a Dog",,1946,Passed,W.R. Frank Productions,USA,English,75.0,Herbert Kline,Maurice Clark,"Sharyn Moffett, Jerry Hunter, Harry Davenport","Action, Drama, War","During World War II, a young boy and girl, living with their respective families in an apartment house that had restrictions against pets, adopt a lost dog and hide it in a vacant apartment",,,,7.0,46
tt0080532,A Christmas Without Snow,,1980,Not Rated,Korty Films,USA,English,95.0,John Korty,John Korty,"Michael Learned, John Houseman, Ramon Bieri","Drama, Music","A divorced woman moves to a new city with her child, trying to build her life again. She joins the choir of a local church but has some personality conflicts with the choirmaster, a ",,,,5.8,315
tt3339208,A Dark Place Inside,,2014,TV-MA,Maniac Films,USA,English,80.0,Mike O'Mahony,Mike O'Mahony,"Chris Dalbey, Kieran Boyle, Rob Dimension",Horror,"To survive, Andy commits heinous acts of murder to find refuge from a world that is in essence mad, a world where we deny our true will, thoughts and desires. How many people like Andy ",,,,4.1,65
tt2820346,Aerosmith: Rock for the Rising Sun,,2013,Unrated,,USA,English,140.0,Casey Tebo,,"Aerosmith, Tom Hamilton, Russ Irwin",Music,The 5 members of Aerosmith were told to refrain from going to Japan after the Fukushima disaster in 2011. They didn't listen.,200000,,,7.7,55
tt5168832,After Porn Ends 2,,2017,TV-MA,WeBros Entertainment,USA,English,90.0,Bryce Wagoner,,"Lisa Ann, Georgina Spelvin, Darren James",Documentary,"After Porn Ends 2 turns back the clock to meet the oldest living stars in adult film's history, but goes in depth with some of its most current retirees, and juxtaposes their experiences in a life after porn.",500000,,,5.4,2195
tt1912981,A Haunting in Salem,,2011,R,The Asylum,USA,English,86.0,Shane Van Dyke,H. Perry Horton,"Bill Oberst Jr., Courtney Abbiati, Jenna Stone","Horror, Mystery, Thriller","In this spine-chilling indie horror flick, a sheriff relocates to Salem, Mass., with his family -- only to discover that the house they've moved into is plagued by an ancient curse and haunted by malicious spirits.",,,,3.2,1308
tt1226240,A Late Quartet,,2012,R,Opening Night Productions,USA,English,105.0,Yaron Zilberman,Seth Grossman,"Philip Seymour Hoffman, Christopher Walken, Catherine Keener","Drama, Music","Members of a world-renowned string quartet struggle to stay together in the face of death, competing egos and insuppressible lust.",,1562548,6303709,7.1,13184
tt1737796,Alien Rising,Gemini Rising,2013,Not Rated,Pathfinder Film Group,USA,English,93.0,Dana Schroeder,Michael Todd,"Lance Henriksen, Amy Hathaway, John Savage","Action, Sci-Fi, Thriller",A savvy ex-homeland security agent and martial arts expert is forced to a remote island to help the military unlock the secrets of an extraterrestrial technology. This sci fi thriller ,3500000,,,3.1,318
tt5022680,All Hallows' Eve 2,,2015,Unrated,Hollywood Shorts,USA,English,91.0,Bryan Norton,Jesse Baget,"Andrea Monier, Damien Monier, Helen Rogers",Horror,A woman finds a VHS tape on her doorstep that shows a series of gruesome tales that could be real. But the true danger is the pumpkin-faced killer that's using the tape to find his next victim.,,,,4.8,1316
tt3480446,Almost Mercy,,2015,Not Rated,Magna Entertainment,USA,English,85.0,Tom DeNucci,Tom DeNucci,"Bill Moseley, Kane Hodder, Allie Marshall",Horror,Jackson and Emily aren't like the other kids. Two burgeoning sociopaths on the brink of total meltdown. Ticking time bombs seeking revenge. Who will unravel first?,,,,6.0,933
tt0110455,A Man of No Importance,,1994,R,BBC Films,Ireland,English,99.0,Suri Krishnamma,Barry Devlin,"Albert Finney, Brenda Fricker, Michael Gambon","Comedy, Drama","Alfie Byrne is a middle-aged bus conductor in Dublin in 1963. He would appear to live a life of quiet desperation: he's gay, but firmly closeted, and his sister is always trying to find him",,920916,920916,6.8,933
tt2923316,American Heist,,2014,R,Glacier Films,Canada,English,94.0,Sarik Andreasyan,Raul Inglis,"Hayden Christensen, Adrien Brody, Jordana Brewster","Action, Crime, Drama","James owes his life to his older brother, Frankie after taking the rap for a crime they committed together. While Frankie served time, James worked to turn his life around, got a steady job and began courting his former girlfriend Emily. Now, Frankie is released and back on the streets with no money and no place to go.",10000000,,2931475,5.0,15735
tt1465471,A Model Daughter: The Killing of Caroline Byrne,,2009,,Screentime,Australia,English,94.0,Tony Tilse,Peter Gawler,"Garry McDonald, David Lyons, Cariba Heine","Crime, Drama","The movie is based on the true story of beautiful young Australian model Caroline Byrne, who tragically met her death in 1995. She was found at the bottom of the high cliffs of ""the Gap""; a",,,,6.3,312
tt7454138,Anchors Up,Elias og Storegaps Hemmelighet,2017,Not Rated,Animando,Norway,Norwegian,73.0,Simen Alsvik,Simen Alsvik,"Nina-Zofia Amerschläger, Achim Barremstrein, Dagmar Bittner",Animation,"After a brave rescue mission in stormy weather, a young rescue boat is headhunted to a larger harbor where he realizes that bigger is not always better.",NOK27000000,,843281,5.3,235
tt3646322,Angel's Bounty,,2015,Not Rated,Passionate Apathy Entertainment,USA,English,84.0,Lee Fleming,Lee Fleming,"Sonia Alexandria, Michael Baszler, Alastair Bayardo",Comedy,Some people take out the trash. Some people bring it back in.,10000,,,4.0,33
tt2890816,Anna: Scream Queen Killer,,2013,TV-MA,,UK,English,74.0,The Aquinas,The Aquinas,,"Drama, Thriller",Anna: Scream Queen Killer takes us on a journey into the world of indie grind house film auditions with a twist. Our young actress is desperate to make it in the movies. She is invited to a,,,,3.7,32
tt2099556,Antiviral,,2012,Not Rated,Alliance,Canada,English,108.0,Brandon Cronenberg,Brandon Cronenberg,"Caleb Landry Jones, Lisa Berry, Sarah Gadon","Horror, Sci-Fi, Thriller","In a blackly satirical near future, a thriving industry sells celebrity illnesses to their obsessed fans. Employee Syd March's attempts to exploit the system backfire when they involve him in a potentially deadly mystery.",CAD3200000,,61808,5.7,11218
tt0149698,Appetite,,1998,R,101 Productions,UK,,97.0,George Milton,George Milton,"Ute Lemper, Trevor Eve, Christien Anholt","Thriller, Mystery","One night at the Station Hotel a group of strangers play cards to see who will sleep in hotel room 207 - a room rumoured to be haunted, where you 'dream the dreams of the ones who slept ",,,,4.3,247
tt0033351,Arizona Bound,,1941,Passed,Great Western Pictures,USA,English,57.0,Spencer Gordon Bennet,Adele Buffington,"Buck Jones, Tim McCoy, Raymond Hatton","Action, Romance, Western",The Rough Riders are called upon to help save a stagecoach line.,,,,6.5,108
tt0325015,Artworks,,2003,R,ARTE,USA,English,96.0,Jim Amatulli,Jim Amatulli,"Virginia Madsen, Rick Rossovich, Eddie Mills","Crime, Drama, Romance","A police chief's daughter, a sales agent for a home-security firm, meets an art gallery owner. Love and envy lead them to hatch a plot to steal overlooked but valuable paintings from her wealthy clients.",,,,4.9,274
tt6205872,Assassination Nation,,2018,R,BRON Studios,USA,English,108.0,Sam Levinson,Sam Levinson,"Odessa Young, Abra, Suki Waterhouse","Action, Comedy, Crime","After a malicious data hack exposes the secrets of the perpetually American town of Salem, chaos descents and four girls must fight to survive, while coping with the hack themselves.",7000000,2005142,2584988,5.9,11432
tt0080388,Atlantic City,"Atlantic City, USA",1980,R,International Cinema Corporation (ICC),France,English,104.0,Louis Malle,John Guare,"Burt Lancaster, Susan Sarandon, Kate Reid","Crime, Drama, Romance","In a corrupt city, a small-time gangster and the estranged wife of a pot dealer find themselves thrown together in an escapade of love, money, drugs and danger.",7200000,12729675,12729675,7.3,13648
tt6321270,Australien skies,,2015,PG,Dojo Media,Australia,English,74.0,Don Meers,,"Liam Freaney, Don Meers, Damien John Nott",Documentary,Australien Skies is a documentary film that explores the sightings of unidentified flying objects and the people who witness them within Australia. Follow film maker Don Meers (Ghosts Of ,,,,4.9,220
tt1414449,Awful Nice,,2013,R,Range Life Entertainment,USA,English,92.0,Todd Sklar,Alex Rennie,"Christopher Meloni, Zahn McClarnon, Laura Ramsey",Comedy,"When Jim - a disenchanted yet highly popular college professor - learns of his father's death, he must track down his deadbeat brother Dave and deliver him to the funeral. Upon arrival, ",,,,4.9,947
tt3322898,Baby Steps,,2015,TV-MA,School Pictures,Taiwan,English,103.0,Barney Cheng,Barney Cheng,"Tzi Ma, Meera Simhan, Ellyn Jameson","Comedy, Drama, Family","Danny, a Taiwanese-American man, and his partner Tate long to have a baby, but the complex world of international surrogacy is further complicated by Danny's well-meaning but extremely ",2500000,,261757,5.7,234
tt0068245,Bad Company,,1972,PG,Jaffilms,USA,English,93.0,Robert Benton,David Newman,"Jeff Bridges, Barry Brown, Jim Davis","Adventure, Drama, Western","A god-fearing Ohio boy dodging the Civil War draft arrives in St. Joseph, MO where he joins up with a hardscrabble group of like runaways heading west.",,,,7.0,3349
tt0315206,Ball & Chain,,2004,PG-13,Victory Productions,USA,English,90.0,Shiraz Jafri,Thomas Mortimer,"Sunil Malhotra, Lisa Ray, Purva Bedi","Comedy, Drama, Romance","Saima is a second-generation East Indian-American, living in Austin, Texas, along with her dad, mom, and brother, Dev. Her dad considers her an old maid and wants her to get married to ",3200000,,,4.6,558
tt5042436,Barbie: Spy Squad,,2016,TV-Y7,DHX Media,USA,,75.0,Michael Goguen,Marsha F. Griffin,"Erica Lindbeck, Stephanie Sheh, Jenny Pellicer","Animation, Family",Barbie and her athletic best friends slip into their smart outfits when a secret intelligence agency wants to use their special skills to stop a series of gem robberies. Will the Spy Squad succeed in this difficult cat-and-mouse game?,,,1375679,5.7,558
tt2265116,Battle Earth,The Medic,2013,Not Rated,,Canada,English,85.0,Aaron Kurmey,Ryan Hatt,"Ryan Agnew, Antonio Aguirre, Mark Campbell","Action, Sci-Fi, War","A squad of Canadian soldiers survive a helicopter crash deep behind enemy lines during an alien invasion of Earth, now they have to survive the night.",,,,2.2,309
tt1559547,Beautiful Creatures,,2013,PG-13,Alcon Entertainment,USA,English,124.0,Richard LaGravenese,Richard LaGravenese,"Alice Englert, Viola Davis, Emma Thompson","Drama, Fantasy, Romance","Ethan longs to escape his small Southern town. He meets a mysterious new girl, Lena. Together, they uncover dark secrets about their respective families, their history and their town.",60000000,19452138,60052138,6.1,80992
tt3174376,Before I Wake,,2016,PG-13,Intrepid Pictures,USA,English,97.0,Mike Flanagan,Mike Flanagan,"Kate Bosworth, Thomas Jane, Jacob Tremblay","Drama, Fantasy, Horror",A couple adopt an orphaned child whose dreams - and nightmares - manifest physically as he sleeps.,,,3965086,6.2,34678
tt3750238,Besetment,,2017,,Barbed Wire Films,USA,English,76.0,Brad Douglas,Brad Douglas,"John T. Woods, Abby Wathen, Lindsae Klein","Horror, Thriller","After struggling to find employment, Amanda takes a hotel position in a small town where she ends up fighting for her life.",,,,3.5,454
tt1139613,Beyond Our Differences,,2008,,Entropy Films,USA,English,,Peter Bisanz,,"Mouneer Anis, Karen Armstrong, Dato' Seri Abdullah Ahmad Badawi",1h 13min,"With all of the problems facing the world today -- war, poverty, weapons, environmental degradation, starvation, overpopulation and severe desperation among millions -- people are longing ",,,,7.5,69
tt0065470,Bigfoot,,1970,GP,Ellman Film Enterprises,USA,English,84.0,Robert F. Slatzer,Robert F. Slatzer,"John Carradine, Joi Lansing, Judith Jordan","Horror, Sci-Fi, Thriller",Bigfoot kidnaps some women and some bikers decide to go on a rescue mission to save them.,325000,,,2.6,680
tt0149281,Totally Bill Hicks,,1994,Not Rated,Tiger Aspect Productions,UK,English,116.0,Rupert Edwards,Bill Hicks,"Bill Hicks, Richard Belzer, Eric Bogosian","Documentary, Comedy","A celebration of the comedy of Bill Hicks. The film is structured around the different strains of comedy in the Hicks stand-up, sampling the best of his confrontational performance. ",,,,8.6,818
tt0071222,Black Christmas,,1974,R,Film Funding Ltd. of Canada,Canada,English,98.0,Bob Clark,Roy Moore,"Olivia Hussey, Keir Dullea, Margot Kidder","Horror, Mystery, Thriller","During their Christmas break, a group of sorority girls are stalked by a stranger.",620000,,,7.2,28822
tt1046894,Black Widow,,2008,,Grand Army Entertainment,USA,English,85.0,Armand Mastroianni,Riley Weston,"Elizabeth Berkley, Alicia Coppola, Adriana DeMeo","Crime, Mystery, Thriller",A photo journalist begins to suspect her best friend Danny's new love interest could be linked to the murders of wealthy men.,2000000,,,4.8,557
tt0069881,Dynasty of Blood,Ci Ma,1973,PG-13,Shaw Brothers,Hong Kong,Mandarin,118.0,Cheh Chang,Cheh Chang,"David Chiang, Lung Ti, Kuan Tai Chen","Action, Drama","Assassin Chang and his brother Hung meet up with a soldier, Mu. Together, they form a small mountain army, but when Hung's wife arrives, emotions swell, and Mu leaves for the army. After ",,,,6.8,624
tt1756427,Blubberella,,2011,R,Event Film Distribution,Germany,English,87.0,Uwe Boll,Uwe Boll,"Lindsay Hollister, Brendan Fletcher, Michael Paré","Action, Comedy",An action comedy centered on an overweight woman whose footsteps cause explosions and whose dual swords are used against anyone who makes fun of her.,,,,2.3,2297
tt4465438,Bodysnatch,,2017,TV-MA,Picket Fence Entertainment,USA,English,81.0,Louis Benjamin Del Guercio,Gregory Alan Ballard,"Sarah Davenport, Reese Mishler, Gillian Shure","Sci-Fi, Thriller",Recent college graduates joyride in a stolen cop car only to uncover a secret that will doom mankind.,,,,3.1,184
tt7210348,Boom for Real: The Late Teenage Years of Jean-Michel Basquiat,,2017,Not Rated,Hells Kitten Productions,USA,English,78.0,Sara Driver,,"Alexis Adler, Fab 5 Freddy, Patricia Field",Documentary,"Exploring the pre-fame years of the celebrated American artist Jean-Michel Basquiat, and how New York City, its people, and its tectonically shifting arts culture of the late 1970s and '80s shaped his vision.",,166616,195517,6.6,283
tt1215458,Box Elder,,2008,Not Rated,Boxcar Films,USA,English,89.0,Todd Sklar,Todd Sklar,"Hina Abdullah, Kyle Ayers, Andy Cohen",Comedy,"Box elder bugs are loud, scary looking, and dependent on group swarming. Yet, they're also completely harmless and extremely passive aggressive. Using this metaphor to address a generation ",60000,48996,48996,6.7,289
tt2279690,Breaking: Los Angeles,,2013,Not Rated,Unlikely Hero Productions,USA,English,59.0,Joseph Brocato,Joseph Brocato,"David Kershenbaum, Michael Howe, Michael Rosenblatt",Documentary,"A candid, provocative look at the challenges and dilemmas musicians confront when trying to break into the famed LA recording industry where creative brilliance is tested by an industry consumed by raw capitalism and rampant file-sharing.",,,,8.2,19
tt5221360,Broken Ceiling,,2018,,,USA,English,90.0,Adam Davis,Adam Davis,"Adam Davis, Jay Disney, Jaime Gallagher",Drama,"When Angela Walker is passed over for yet another promotion, she decides she's going to have to break through the invisible corporate barriers once and for all.",,,,7.3,139
tt0273483,Buddy Hackett Live and Uncensored,,1983,Unrated,,USA,English,72.0,Christopher Kelly,,,Comedy,Stand Up comedy from Buddy Hackett.,,,,8.4,76
tt0039232,Bush Pilot,,1947,Approved,Dominion Productions,Canada,English,58.0,Sterling Campbell,Scott Darling,"Rochelle Hudson, Jack La Rue, Austin Willis",Adventure,"Red North is getting by as a reliable small-time bush pilot in Canada's north. But Red's vindicative half-brother Paul Gerard decides to relocate his bush pilot business to the same lake, ",CAD160000,,,5.4,61
tt1826627,California Winter,,2012,,Intrinsic Value Films,USA,English,82.0,Odin Ozdil,Odin Ozdil,"Michael Ironside, Rutina Wesley, Erick Avari","Drama, History",Young real estate agent Clara Morales encouraged risky loans to her clients during the housing boom. She must now rescue her father's home from foreclosure-- a consequence of the loan she advised him to take.,,,,6.4,49
tt1817682,Capoeira: Fly Away Beetle,,2011,TV-14,BlueDot Productions,USA,English,71.0,Cosmos Corbin,,"Roque Batista, Ted Golder, Mestre Cobra Mansa","Documentary, Action","The stories of three world renowned masters and a young man who redeems his life reveal the virtues and violence of Capoeira, as well as its surprising origins.",,,,8.1,11
tt5715234,Carnivore: Werewolf of London,,2017,,Grass Temple Films,UK,English,82.0,Simon Wells,Simon Wells,"Ben Loyd-Holmes, Atlanta Johnson, Gregory Cox","Horror, Thriller","Whilst trying to reignite their relationship at a remote cottage, Dave and Abi are stalked by a terrifying secret.",3800000,,,3.3,139
tt5804946,Catch the Wind,Prendre le large,2017,,TS Productions,France,French,103.0,Gaël Morel,Yasmine Louati,"Sandrine Bonnaire, Mouna Fettou, Kamal El Amri",Drama,A middle-aged factory worker's life is upended when she follows her employer to Morocco.,,,322016,6.3,185
tt0267363,Chandni Bar,,2001,,,India,Hindi,150.0,Madhur Bhandarkar,Mohan Azaad,"Tabu, Atul Kulkarni, Rajpal Yadav","Crime, Drama","A displaced woman is forced to become a beer-bar dancer, and sire children of a gangster.",INR12500000,,,7.6,2285
tt1733114,Cheesecake Casserole,,2012,,Axis Pacific Filmworks,USA,English,,Renji Philip,Meghan Gambling,"Torrey DeVitto, Ryan Merriman, Brit Morgan",1h 32min,"With graduation looming, 4 friends get together for one last weekend. But a lot has changed since they were freshman roommates and the secrets are about to come out. This will be no ",,,,6.0,394
tt0388835,Chisholm '72: Unbought & Unbossed,,2004,Not Rated,Realside Productions,USA,English,76.0,Shola Lynch,,"Shirley Chisholm, Walter Cronkite, George Wallace",Documentary,A documentary on Brooklyn-based Congresswoman Shirley's Chisholm's 1972 presidential bid.,,,,7.3,192
tt1825712,Christmas Spirit,,2011,G,Max Pix,USA,English,88.0,David DeCoteau,Andrew Helm,"Alexandra Paul, Jason Brooks, Aaron Jaeger","Family, Fantasy",A cynical youth whose mother is about to lose her job right before the holidays is visited by a magical Christmas spirit.,1000000,,,3.7,113
tt0112681,Citizen X,,1995,R,HBO Films,USA,English,105.0,Chris Gerolmo,Robert Cullen,"Stephen Rea, Donald Sutherland, Max von Sydow","Biography, Crime, Drama","During the 1980s, Soviet authorities hunt for a serial killer who picks his victims in railway stations and commuter trains and lures them into the woods.",,,,7.6,16231
tt8359848,Climax,,2018,R,Rectangle Productions,France,French,97.0,Gaspar Noé,Gaspar Noé,"Sofia Boutella, Romain Guillermic, Souheila Yacoub","Drama, Horror, Music","French dancers gather in a remote, empty school building to rehearse on a wintry night. The all-night celebration morphs into a hallucinatory nightmare when they learn their sangria is laced with LSD.",EUR2600000,817339,2027391,7.1,33963
tt2062947,Code Name Zebra,,1987,,Pac West Cinema Group,USA,English,94.0,Joe Tornatore,Joe Tornatore,"James Mitchum, Mike Lane, Timothy Brown",Action,A group of Vietnam War veterans declare war on Los Angeles drug dealers and the Mafia.,,,,4.4,32
tt0783701,Combat,,2006,,Thank You & Good Night Productions,Belgium,French,,Patrick Carpentier,Patrick Carpentier,"Léo Joris, Tomas Matauko",57min,"Told in three parts, Patrick Carpentier's ""The Irregularity of the tearing"" is a three part cine-diary on intimacy, sensuality and desire. Part one, ""God is a Dog"" (2004) is shot on Super 8",,,,5.8,77
tt0112715,Congo,,1995,PG-13,Paramount Pictures,USA,English,109.0,Frank Marshall,Michael Crichton,"Laura Linney, Tim Curry, Dylan Walsh","Action, Adventure, Mystery","When an expedition to the African Congo ends in disaster, a new team is assembled to find out what went wrong.",50000000,81022101,152022101,5.2,40033
tt0035755,Corregidor,,1943,Not Rated,Atlantis Pictures,USA,English,73.0,William Nigh,Doris Malloy,"Otto Kruger, Elissa Landi, Donald Woods","Drama, War","A doctor and his staff in a hospital on the Philippine island of Corregidor shortly after the Japanese attack on Pearl Harbor try to treat the sick, injured and wounded as American and Filipino troops desperately try to beat back a ferocious Japanese attack.",,,,5.0,229
tt5037626,Crash Test Aglaé,,2017,Not Rated,Novoprod,France,French,85.0,Eric Gravel,Eric Gravel,"India Hair, Julie Depardieu, Yolande Moreau","Comedy, Drama","Aglaé Lanctot, 25-years-old, is as insecure as can be. As a result of being 'brought up' by an irresponsible mother and by an absent father, she can now find her balance only in a ",,,1110613,6.6,485
tt4919198,Cristina,,2016,,Kavana Entertainment,USA,English,39.0,Michèle Ohayon,,,"Documentary, Short","An intimate journey of a 37-year-old Cristina, as fate brings to her life both a new love and an unbeatable challenge. Determined to pass on a message of hope and a 'live in the now' ",,,,7.9,177
tt4622340,Curious George 3: Back to the Jungle,,2015,G,Imagine Entertainment,USA,English,81.0,Phil Weinstein,Margret Rey,"Frank Welker, Jeff Bennett, Gwendoline Yeo","Animation, Adventure, Comedy","Launch into the adventure of a lifetime with everyone's favorite monkey in this all-new movie, Curious George 3: Back to the Jungle! When Curious George is asked to take part in a very ",,,1313940,5.5,401
tt0790636,Dallas Buyers Club,,2013,R,Truth Entertainment (II),USA,English,117.0,Jean-Marc Vallée,Craig Borten,"Matthew McConaughey, Jennifer Garner, Jared Leto","Biography, Drama","In 1985 Dallas, electrician and hustler Ron Woodroof works around the system to help AIDS patients get the medication they need after he is diagnosed with the disease.",5000000,27298285,55198285,8.0,411055
tt7689052,Daphne & Velma,,2018,G,Blondie Girl Productions,USA,English,72.0,Suzi Yoonessi,Kyle Mack,"Sarah Jeffery, Sarah Gilman, Vanessa Marano","Action, Comedy, Crime",The female future members of Mystery Inc. investigate strange goings-on in their school.,,,,4.1,1155
tt0349333,Darna Mana Hai,,2003,,K Sera Sera,India,Hindi,121.0,Prawaal Raman,Atul Sabharwal,"Sameera Reddy, Antara Mali, Sohail Khan","Drama, Horror","Seven friends, after their car breaks down in the middle of the night, find shelter and tell one another stories to kill time till dawn.",,132348,1335493,6.3,2742
tt0887732,Days and Clouds,Giorni e nuvole,2007,Unrated,Amka Films Productions,Italy,Italian,118.0,Silvio Soldini,Silvio Soldini,"Margherita Buy, Antonio Albanese, Giuseppe Battiston",Drama,A well-off and sophisticated couple struggles to stay together after the husband loses his job.,EUR300000,112102,6966224,6.9,1443
tt0455933,Dead Man's Cards,,2006,,Stray Dogs Films,UK,English,110.0,James Marquand,James Marquand,"Paul Barber, Tom Bell, Samantha Womack","Action, Crime, Drama","Tom is an ex-boxer at a run down nightclub in this modern Western. His boss, a battle hardened veteran recognizes his fighting abilities and teaches him how to be a ""peace keeper"" at the ",GBP500000,,5870,5.5,549
tt0109581,Rage,,1993,R,21st Century Film Corporation,USA,English,93.0,Anthony Maharaj,Tom Huckabee,"Richard Norton, Karen Moncrieff, Chuck Jeffreys",Action,"Jack Dameron, the adopted son of a great Asian trading family, lives the perfect life and his star is quickly rising in the family business until he's framed for his wife's murder. He must find the real killer before the cops get him.",,,,5.3,70
tt4105584,Deep,,2017,PG,The Thinklab,Spain,English,92.0,Julio Soto Gurpide,Julio Soto Gurpide,"Justin Felbinger, Stephen Hughes, Lindsey Alena","Animation, Adventure, Comedy","In 2100, when humanity has abandoned the earth, a colony of extravagant creatures still thrives in the deepest abyss of the ocean. Deep, an adventurous ""dumbo"" octopus and the last one of ",EUR6000000,,10907654,4.0,1150
tt7289838,Demon with the Atomic Brain,,2017,,All For George Productions,USA,English,75.0,Christopher R. Mihm,Christopher R. Mihm,"Amanda Tietz, Jeremy Frandrup, Tyler Haines",Sci-Fi,"An attempt to weaponize a machine capable of opening portals to other worlds fails, and instead creates an exponentially expanding ""bubble"" of fractured space-time. A team of specialists ",10000,,,5.7,47
tt1753693,Detour,,2013,TV-14,Fishbowl Films,USA,English,87.0,William Dickerson,William Dickerson,"Neil Hopkins, Brea Grant, John Forest","Horror, Romance, Thriller","Trapped inside his car by a mudslide, smooth talking Jackson Alder suddenly finds himself in a situation he can't talk his way out of. With no hope of rescue, he must defy the odds; battling Mother Nature for his survival.",,,,5.3,771
tt0327643,Dirty Love,,2005,R,Big Screen Entertainment Group,USA,English,91.0,John Asher,Jenny McCarthy,"Jenny McCarthy, Eddie Kaye Thomas, Carmen Electra","Comedy, Romance",A jilted photographer sets off on a mission to get back at her philandering model boyfriend and along the way discovers that not all love is created equal.,,36099,36099,3.6,6664
tt1770672,Djinn,,2013,Not Rated,Imagenation Abu Dhabi FZ,United Arab Emirates,Arabic,82.0,Tobe Hooper,David Tully,"Razane Jammal, Khalid Laith, Aiysha Hart","Horror, Thriller",An Emirati couple return home from a trip and discover that their new apartment has been built on a site that is home to some malevolent beings.,5000000,,,4.4,1623
tt3339680,Don't Go,,2018,Unrated,Wide Eye Films,Ireland,English,91.0,David Gleeson,Ronan Blaney,"Stephen Dorff, Melissa George, Simon Delaney",Mystery,"Devastated by his daughter's death in a terrible accident, Ben becomes convinced that he can bring her back through a recurring dream. But is it just a dream? Or is Ben losing his mind?",,,,5.2,1023
tt0044563,Down Among the Z Men,,1952,Not Rated,E.J. Fancey Productions,UK,English,82.0,Maclean Rogers,Jimmy Grafton,"Harry Secombe, Michael Bentine, Spike Milligan",Comedy,"The cast of the popular radio program ""The Goon Show"" perform some of their favourite routines.",,,,4.6,304
tt6627466,Dream Boat,,2017,Not Rated,Gebrueder Beetz Filmproduktion,Germany,English,92.0,Tristan Ferland Milewski,,"Michael A., Amit, Michael Anastasio",Documentary,"Once a year, the Dream Boat sets sail - a cruise only for gay men. Far from their families and political restrictions, we follow five men from five countries on a quest for their dreams. ",,3981,3981,5.3,1304
tt1922589,"Duch, Master of the Forges of Hell","Duch, le maître des forges de l'enfer",2011,Not Rated,Agence Nationale de Gestion des Œuvres Audiovisuelles (ANGOA),France,Khmer,110.0,Rithy Panh,Rithy Panh,,"Documentary, History","Between 1975 and 1979, the Khmer Rouge regime caused the death of some 1.8 million people, representing one-quarter of the population of Cambodia. Kaing Guek Eav, better known as Duch, was ",,,,7.2,96
tt1588342,Easy Money II: Hard to Kill,Snabba cash II,2012,Not Rated,Tre Vänner Produktion AB,Sweden,Swedish,99.0,Babak Najafi,Maria Karlsson,"Joel Kinnaman, Matias Varela, Dragomir Mrsic","Action, Crime, Drama","Three years later, JW get out of prison, but soon finds himself between the contending parties of his criminal past.",,,3524306,6.2,6791
tt4280824,Eh Janam Tumhare Lekhe,,2015,,White Hill Production,India,Punjabi,135.0,Harjit Singh,Tejinder Harjit,"Pavan Malhotra, Arjuna Bhalla, Sudhanshu Aggarwal",Biography,"Eh Janam Tumhare Lekhe ~ This life is dedicated to ""YOU THE ALMIGHTY"" (God). This film is a journey of one man ""BHAGAT PURAN SINGH"" who treaded a difficult and exhausting path. The journey ",INR40000000,,6393,8.7,327
tt6535100,Elián,,2017,TV-PG,Fine Point Films,Ireland,English,108.0,Tim Golden,Tim Golden,,Documentary,"Executive-produced by Alex Gibney, the documentary shares the remarkable story of Elian Gonzalez, the 5-year-old Cuban boy plucked from the Florida Straits on Thanksgiving Day in 1999. ",,,,6.9,128
tt2279314,Bloodsuckers Handbook,Enchiridion,2012,,,USA,English,,Mark Beal,Mark Beal,"Cory W. Ahre, Jeremy Herrera, Jessica Bell",1h 21min,A priest is recruited by federal marshals to help deal with a vampire they've taken into custody. Then things get weird.,,,,5.8,57
tt0212936,Erskineville Kings,,1999,,RadicalMedia,Australia,English,90.0,Alan White,Marty Denniss,"Marty Denniss, Hugh Jackman, Andrew Wholley",Drama,"Barky, 25, lost soul, left home two years ago to escape his abusive father leaving behind everything in the world that was important to him; now that his father's dead, he thinks it's safe to come home.",AUD500000,,,6.5,465
tt2433408,Everybody's Child,,2014,Not Rated,Aconite Productions,UK,English,75.0,Garry Fraser,Lorna Hutcheon,,"Documentary, Biography, Crime","Garry Fraser was born into a family of poverty, violence and alcohol addiction on Edinburgh's notorious Muirhouse estate, the same place that inspired the world-acclaimed film, ",,,,7.3,23
tt7890752,Expedition Sasquatch,,2018,,Mountain Beast Entertainment,Canada,English,53.0,Justin Chernipeski,,"Justin Chernipeski, Robert McNeill",Documentary,Join filmmaker and adventurer Justin Chernipeski as he ventures out into the frigid sub-zero wilderness of the Canadian Rockies in search of the legendary Sasquatch.,,,,,
tt2768766,Faith Connections,,2013,Not Rated,Jungle Book Entertainment,India,Hindi,115.0,Pan Nalin,Pan Nalin,"Bhole Baba, Hatha Yogi Baba, Pant Shirt Baba","Documentary, Biography, Drama","A Sadhu who renounced the society, adopts a baby renounced by society.",550000,9111,9111,7.5,153
tt0072973,"Farewell, My Lovely",,1975,R,EK,USA,English,95.0,Dick Richards,David Zelag Goodman,"Robert Mitchum, Charlotte Rampling, John Ireland","Crime, Mystery, Thriller","Los Angeles private eye Philip Marlowe is hired by paroled convict Moose Malloy to find his girlfriend Velma, former seedy nightclub dancer.",2500000,,,7.1,5844
tt2936024,"Fear Town, USA",,2014,,Annum Films,USA,English,92.0,Brandon Bassham,Brandon Bassham,"Anna Callegari, Cody Lindquist, Amber Nelson","Comedy, Horror","On St. Blevins Day (the most debauched of regional holidays), four boys looking to lose their virginity, a girl haunted by a dark secret, a lonely teenager, and an escaped mental patient ",10000,,,5.4,152
tt2081253,Fight Like a Girl,,2013,Not Rated,,USA,English,82.0,Jill Morley,Jill Morley,"Melissa Hernandez, Gary Lee, Susan Merlucci","Documentary, Drama, Sport","In a gritty, first-person narrative that was shot over a period of five years, filmmaker Jill Morley delves inside the little-known world of female boxers to meet the women who are ",,,,8.0,31
tt4220328,Fire Lines,,2013,Not Rated,Ma'an Independent Network,Palestine,Arabic,42.0,Avi Goldstein,,,"Documentary, Short",The story of the Palestinian firefighters who helped battle Israel's worst natural disaster.,,,,,
tt0070800,Five Fingers of Death,Tian xia di yi quan,1972,R,Shaw Brothers,Hong Kong,Mandarin,104.0,Chang-hwa Jeong,Yang Chiang,"Lieh Lo, Ping Wang, Hsiung Chao","Action, Drama, Romance",Two martial arts schools prepare for an important tournament.,,,,7.2,2605
tt0075802,Palace Carnage,Can ku da ci sha,1978,Not Rated,Shaw Brothers,Hong Kong,Mandarin,88.0,Kang Cheng,Kang Cheng,"Feng Ku, Chung Wang, Hung Wei","Action, Adventure","The heroic Ma Teng has developed a counter to the Flying Guillotines attack, and when word reaches The Emperor, who is more bloodthirsty than ever, he creates a new deadlier version and ",,,,6.3,276
tt8788634,Forever Chape,Para Sempre Chape,2018,,Trailer Media,Uruguay,Spanish,80.0,Luis Ara,Luis Ara,,Documentary,"FOREVER CHAPE tells the story of the soccer team Chapecoense, from Santa Catarina, Brazil. A club with an incredible spirit that didn't stop and in honor of the victims and the survivors of the tragedy, the club today looks reborn.",,,2552,7.5,150
tt1318524,Four of a Kind,,2008,,F-Reel,Australia,English,115.0,Fiona Cochrane,Helen Collins,"Peta Brady, Nina Landis, Leverne McDonnell","Drama, Thriller","Four different women, each with a well-hidden secret they are coaxed, tricked or forced into revealing... sometimes it's better to omit the truth.",AUD100000,,,7.0,68
tt0034754,Freckles Comes Home,,1942,Passed,Monogram Pictures,USA,English,63.0,Jean Yarbrough,Gene Stratton-Porter,"Johnny Downs, Gale Storm, Mantan Moreland","Action, Comedy, Crime","Freckles (Johnny Downs) comes home from college...and the sheriff accuses him of murder, gangsters put him on the spot, and his girl friend, Jane (Gale Storm), falls in love with a confidence man.",,,,4.9,116
tt0071523,Frightmare,,1974,R,Peter Walker (Heritage) Ltd.,UK,English,88.0,Pete Walker,David McGillivray,"Rupert Davies, Sheila Keith, Deborah Fairfax",Horror,"After escaping a death sentence for her hideous crimes, a seemingly rehabilitated woman settles in an isolated farmhouse with her husband, only to ache, once more, for blood, and a crash-course in surgery. Is, indeed, her old self back?",,,,6.2,1890
tt3814808,Funny Cow,,2017,,POW Films,UK,English,102.0,Adrian Shergold,Tony Pitts,"Maxine Peake, Macy Shackleton, Ashton Steele","Comedy, Drama","A comedian uses her troubled past as material for her stand-up routine, trying to rise up through the comedy circuit by playing Northern England's working men's clubs.",,,739252,6.5,1125
tt3687118,Game of Aces,,2016,R,Layfilm,USA,English,97.0,Damien Lay,Damien Lay,"Chris Klein, Victoria Summer, Werner Daehn","Action, Adventure, War",A rescue attempt of a German traitor during World War I has unexpected consequences and sets off an adventure across the Arabian desert.,500000,,,4.4,127
tt4469518,Genesis,,2018,,Genesis Films,UK,English,114.0,Freddie Hutton-Mills,Freddie Hutton-Mills,"Olivia Grant, Chiké Okonkwo, Amrita Acharia",Sci-Fi,"In a post-apocalyptic society, living underground as protection from pollution, the main concern is getting enough food and finding other survivors. A pollution-resistant android with A.I. is developed to help obtain this.",,,,3.2,817
tt3168760,Getting to the Nutcracker,,2014,Not Rated,,USA,English,98.0,Serene Meshel-Dillman,Serene Meshel-Dillman,,"Documentary, Family","Every Christmas season, The Nutcracker Ballet is performed in cities all over the world. What does it really take to produce this ballet each year? Our documentary film, Getting to The ",,,,7.3,35
tt1360866,Giant,Gigante,2009,Not Rated,Ctrl Z Films,Uruguay,Spanish,84.0,Adrián Biniez,Adrián Biniez,"Horacio Camandule, Leonor Svarcas, Ignacio Alcuri",Drama,A chronicle of a supermarket security guard's obsession with a late-shift janitor.,,,507919,6.8,1975
tt0056026,Gladiator of Rome,Il gladiatore di Roma,1962,,Compagnia Internazionale Realizzazioni Artistiche Cinematografiche (CIRAC),Italy,Italian,100.0,Mario Costa,Gian Paolo Callegari,"Gordon Scott, Wandisa Guida, Roberto Risso","Action, Adventure, Comedy","A warrior protecting a slave girl, who is really a princess, winds up as a gladiator in the Roman arenas.",,,,5.0,98
tt0477002,Gogol Bordello Non-Stop,,2008,Not Rated,Güespa Films,USA,Russian,90.0,Margarita Jimeno,,"Manu Chao, Susan Donaldson, Eliot Ferguson",Documentary,A behind-the-scenes look at the gypsy punk band Gogol Bordello and their charismatic front man Eugene Hütz.,,5532,5532,7.5,178
tt0452625,Good Luck Chuck,,2007,R,Lionsgate,USA,English,96.0,Mark Helfrich,Josh Stolberg,"Dane Cook, Jessica Alba, Dan Fogler","Comedy, Romance","In order to keep the woman of his dreams from falling for another guy, Charlie Logan has to break the curse that has made him wildly popular with single women: Sleep with Charlie once, and the next man you meet will be your true love.",25000000,35017297,59192128,5.6,82636
tt1490678,Granito,,2011,Not Rated,Skylight Pictures,USA,Spanish,103.0,Pamela Yates,,,"Documentary, Crime, History","A story of destinies joined by Guatemala's past, and how a documentary film intertwined with a nation's turbulent history emerges as an active player in the present.",,43942,43942,7.1,90
tt0332636,Group,,2002,,Wovie,USA,English,106.0,Anne de Marcken,Anne de Marcken,"Carrie Brownstein, Kari Fillipi, S. Ann Hall","Comedy, Drama","Nine women meet every Wednesday afternoon for 21 weeks of group therapy in this entirely original, ultra modern probe into the American psyche.",,7281,7281,6.2,72
tt2589132,Habibie & Ainun,,2012,,MD Pictures,Indonesia,Indonesian,,Faozan Rizal,B.J. Habibie,"Reza Rahadian, Bunga Citra Lestari, Tio Pakusadewo","Biography, Drama, Romance","This movie is based on the memoir written by the 3rd President of Indonesia and one of the world famous engineer, B. J. Habibie about his wife, Hasri Ainun Habibie.",SGD100000,,7562,7.6,1669
tt2330270,Hank and Asha,,2013,,Paper Chain Productions,USA,English,73.0,James E. Duff,James E. Duff,"Andrew Pastides, Mahira Kakkar, Brian Sloan","Comedy, Romance",An Indian student in Prague and a lonely New Yorker correspond online through video letters. A voyeuristic love story about aching for human connection in a hyper-connected world.,,16878,16878,6.5,386
tt1654833,Hard Ride to Hell,,2010,Not Rated,Hell Productions,USA,English,94.0,Penelope Buitenhuis,Matthew Chernov,"Miguel Ferrer, Laura Mennell, Brendan Penny","Action, Horror",A group of family and friends on a camping trip through the Texas badlands are taken on a one-way ride to Hell after they inadvertently witness a ritual sacrifice at a deserted campsite. ,,,,3.9,1035
tt0116499,Have You Seen My Son,,1996,Not Rated,Gross-Weston Productions,USA,English,,Paul Schneider,Jack Olsen,"Lisa Hartman, William Russ, Anne Francis",Drama,A woman fears for her son's health when her ex-husband kidnaps him.,,,,5.3,123
tt5701718,Heartthrob,,2017,Unrated,Citizen Skull Productions,USA,English,86.0,Chris Sivertson,Chris Sivertson,"Aubrey Peeples, Keir Gilchrist, Peter Facinelli","Drama, Romance, Thriller","Shy Henry is overjoyed to fall into an unexpected romance with gorgeous and popular Samantha the summer after high school graduation. When Henry's love spirals into twisted obsession, Samantha pulls back.",4000000,,,5.5,2031
tt8072400,Hello Guru Prema Kosame,,2018,Not Rated,Sri Venkateswara Creations,India,Telugu,140.0,Trinadha Rao Nakkina,Sai Krishna Biyyapu,"Ram Pothineni, Anupama Parameshwaran, Pranitha","Comedy, Romance","After a rocky start, a friendship develops between a happy-go-lucky youth and a girl from the city.",,,21160,7.0,1335
tt4706292,Here to Be Heard: The Story of the Slits,,2017,,Head Gear Films,,English,86.0,William E. Badgley,William E. Badgley,"Viv Albertine, Dennis Bovell, Hollie Cook","Documentary, Music","The tale of the formation, journey and end of the seminal Punk/Reggae band The Slits.",,,,7.2,107
tt0827181,Hide,,2008,R,Wishbone Entertainment Inc.,Canada,English,97.0,K.C. Bascombe,Gregory Rosati,"Rachel Miner, Christian Kane, Polly Shannon","Action, Crime, Drama","A modern day Bonnie and Clyde - with a twist - that follows two lovers down a path of destruction, mayhem, and murder as they live in a world where it is acceptable to take whatever they want with murderous consequences.",,,,5.3,1008
tt0076140,Hi-Riders,,1978,R,World Amusement Company,USA,English,90.0,Greydon Clark,Greydon Clark,"Mel Ferrer, Stephen McNally, Darby Hinton","Action, Crime, Drama",Story of a group of drag races and the young boy and girl who join them.,125000,,,5.2,134
tt0940916,"Hollywood Heaven: Tragic Lives, Tragic Deaths",,1990,,Film Shows Inc.,USA,English,100.0,Sandy Oliveri,,"James Dean, Mike Eagan, W.C. Fields",Documentary,"Compilation including photos, footage, and trailers of various stars who met with untimely and/or tragic deaths.",,,,5.9,18
tt0105900,Honor and Glory,Zong heng tian xia,1993,R,Action Star Pictures,Hong Kong,English,84.0,Godfrey Ho,Herb Borkland,"Cynthia Rothrock, Donna Jason, John Miller",Action,"FBI agent Tracy Pride is on a mission to capture businessman Jason Slade, who is involved in extortion and murder. Teaming up with her is her sister Joyce, a news reporter; Dragon, Tracy's ",,,,4.2,477
tt0091219,Hotshot,,1986,PG,Film Quest,USA,English,99.0,Rick King,Ray Errol Fox,"Jim Youngs, Pelé, Billy Warlock","Drama, Sport","The story of an American soccer player trying to make it big who turns to Pele, the greatest soccer player of all time, for guidance.",,,,5.5,269
tt3685328,How to Beat a Bully,,2015,,Dream Factory Entertainment,USA,English,84.0,Doug Bilitch,Marilyn Anderson,"Grant McLellan, Eric Lauritzen, Elise Angell",Family,"This is a family comedy with an anti-bullying theme. When a new kid named Cory moves to town, he's picked on by the school bullies. To protect himself, he doesn't use his fists-he uses his ",1200000,,,5.4,125
tt4333674,Hunterrr,,2015,,Phantom Films,India,Hindi,141.0,Harshavardhan Kulkarni,Harshavardhan Kulkarni,"Gulshan Devaiah, Radhika Apte, Sai Tamhankar","Comedy, Romance","Mandar, an ordinary guy is obsessed with sex and chases girls until he meets Tripti and decides to settle down with her.",INR45000000,,,7.0,5201
tt2273275,I Am Not a Rock Star,,2012,,Adobe Productions International,Canada,English,85.0,Bobbi Jo Hart,Bobbi Jo Hart,,"Documentary, Drama, Family","Shot over 8 years, I AM NOT A ROCK STAR follows the tumultuous coming-of-age story of Juilliard trained concert pianist Marika Bournaki (age 12 to 20).",,,,7.1,61
tt1549584,I Didn't Come Here to Die,,2010,Not Rated,Kim and Jim Productions,USA,English,80.0,Bradley Scott Sullivan,Bradley Scott Sullivan,"Indiana Adams, Kurt Cole, Madi Goff","Comedy, Horror","The story of six young volunteers working on a humanitarian project in the woods. Horrific accidents, rash decisions and the unpredictability of human nature leads them all to the same disturbing conclusion. Volunteer work can be a killer.",100000,,,5.3,659
tt0104485,Illicit Behavior,,1992,R,Amritraj Entertainment Inc.,USA,English,101.0,Worth Keeter,Jag Mundhra,"Robert Davi, Joan Severance, Jack Scalia","Action, Thriller","Melissa Yarnell is the wife of burned-out cop Mike Yarnell who takes out his frustrations on her. When she stood her limit, she turns to Matt Walker and Bill Tanner, other cops for protection. Their advances border on Illicit Behavior.",,,,5.0,258
tt0374639,Incident at Loch Ness,,2004,PG-13,Eden Rock Media,UK,English,94.0,Zak Penn,Zak Penn,"Werner Herzog, Kitana Baker, Gabriel Beristain","Adventure, Comedy, Fantasy",A documentary exploring the myth of the Loch Ness monster.,1400000,37493,37493,6.5,3705
tt0095373,Inherit the Wind,,1988,Not Rated,Vincent Pictures,USA,English,96.0,David Greene,Jerome Lawrence,"Kirk Douglas, Jason Robards, Darren McGavin","Drama, History",A biblical orator opposes a liberal lawyer defending a man for teaching Darwinism in the 1920s South.,,,,6.8,433
tt5772992,Inside the Garbage of the World,,2016,,,USA,English,53.0,Philippe Carillo,,"Anna Cummins, Charles Moore",Documentary,"This informative, hard-hitting film reveals the truth about plastic pollution and how it is harming the oceans and threatening human safety. After the Japan Tsunami and the Fukushima ",,,,6.8,25
tt0243991,Intimate Affairs,Investigating Sex,2001,R,ApolloMedia Distribution,Germany,English,108.0,Alan Rudolph,José Pierre,"Dermot Mulroney, Julie Delpy, Robin Tunney","Comedy, Drama",A group of men and two female stenographers scientifically study sex.,8000000,,,4.6,1358
tt9154584,"Yo, Potro",,2018,TV-MA,Alazraki Entertainment,Mexico,Spanish,50.0,Marcos Bucay,Marcos Bucay,"Joaquín Ferreira, Marcela Alvarez, Benjamín Alfonso",Comedy,Former Club de Cuervos player Porto returns home to Argentina to the wedding of his famous soccer star brother and confront his estranged family,100000,,,6.2,329
tt2160105,I Still See You,,2018,PG-13,Gold Circle Films,USA,English,98.0,Scott Speer,Jason Fuchs,"Bella Thorne, Richard Harmon, Dermot Mulroney","Fantasy, Thriller",Set ten years after an apocalyptic event that killed millions and left the world inhabited by ghosts.,,1359,1620637,5.8,6436
tt5667482,Izzie's Way Home,,2016,Not Rated,,USA,English,74.0,Sasha Burrow,Camille Licate,"Bonnie Dennison, Tori Spelling, Zack Ward","Animation, Adventure","A constantly picked-on aquarium fish escapes her yacht home, unaware of the dangers that await her in the open ocean. With the help of other misfit sea creatures, she learns not only how to",,,64112,1.5,269
tt2387495,Jalpari: The Desert Mermaid,,2012,,Ultra Media & Entertainment,India,Hindi,94.0,Nila Madhab Panda,Protiqe Mojoomdar,"Harish Chabbra, Tannishtha Chatterjee, Parvin Dabas","Drama, Family, Mystery",Where would you be if your mother was not allowed to be born?,,,,7.2,336
tt6386352,Jen Kirkman: Just Keep Livin?,,2017,,,USA,English,69.0,Lance Bangs,Jen Kirkman,,Comedy,"Jen Kirkman jokes about women's bodies, meditation, and a ghostly tour guide in her stand-up routine.",,,,6.7,1044
tt3234126,Jim Norton: American Degenerate,,2013,TV-MA,Art & Industry,USA,English,61.0,Shannon Hartman,Jim Norton,"Robert Kelly, Jim Norton, Michael Kenneth Williams","Documentary, Comedy","For his second EPIX comedy special, Jim Norton takes self-deprecation and outrageous humor to new extremes. Norton attacks a wide range of topics with the knowledge that some of his remarks will no doubt inspire complaints. In HD.",,,,7.2,431
tt5639446,Jonathan,,2018,TV-MA,Manis Film,USA,English,95.0,Bill Oliver,Gregory Davis,"Ansel Elgort, Suki Waterhouse, Patricia Clarkson","Drama, Sci-Fi","Jonathan leaves the office everyday at noon. When he gets home, he goes to sleep. Every morning he wakes up and there is a breakfast prepared for him along with a video telling him about the second part of his day.",,,,5.9,4491
tt0039522,Junction 88,,1947,,Century Theatrical Productions,USA,English,,George P. Quigley,Augustus Smith,"Bob Howard, Dewey 'Pigmeat' Markham, Noble Sissle",1h,Small town lovers are aided by a visiting showman.,,,,6.9,15
tt6540084,Katherine Ryan: In Trouble,,2017,TV-MA,Netflix,UK,English,63.0,Colin Dench,Katherine Ryan,,Comedy,"Canadian comic Katherine Ryan explains the perks of dating younger men. She talks about her unusual relationships, living in the hometown she hates and how she once enraged an entire nation.",,,,6.9,1555
tt0347332,Khakee,,2004,,D.M.S. Films,India,Hindi,174.0,Rajkumar Santoshi,Shridhar Raghavan,"Amitabh Bachchan, Akshay Kumar, Ajay Devgn","Action, Crime, Drama",A team of police force escorts an alleged terrorist from Chandangarh to Mumbai. However their trip turns into a deadly survival when an ex-cop tries to stop them to reach Mumbai.,,587877,924170,7.4,14247
tt0084033,Killing Heat,Gräset sjunger,1981,Not Rated,Chibote,Zambia,English,105.0,Michael Raeburn,Doris Lessing,"Karen Black, John Thaw, John Kani",Drama,"In the 1940s, a city girl moves from America to her husband's failing farm in Southern Rhodesia in colonial Africa. Unhappy and unhinged, she starts an affair with their black servant which leads to tragedy.",,,,4.8,115
tt0030324,King of the Sierras,,1938,Not Rated,George A. Hirliman Productions,USA,English,53.0,Samuel Diege,Scott Darling,"Rex, Hobart Bosworth, Harry Harvey Jr.",Western,"An unusual film in that it was composed of new film footage tacked onto an original film produced by M. H. Hoffman Sr. and Jr.,and never released because of the collapse and merger of the ",,,,4.8,26
tt8506874,Komola Rocket,,2018,,Impress Telefilm,Bangladesh,Bengali,95.0,Noor Imran Mithu,Shahaduzzaman,"Mosharraf Karim, Tauquir Ahmed, Samia Syed",Drama,"This is the story of a steamer, named in English, 'The Orange Ship'. The people from Khulna to the steamer's passengers, their story is in the orange rocket. But this is not only just ",,,,7.4,428
tt0477138,Kush,,2007,R,Auteur Entertainment,USA,English,96.0,York Alec Shackleton,York Alec Shackleton,"Nick Annunziata, William Atherton, Thomas Beaumont","Action, Crime, Thriller","A young drug dealer Dusty, is torn between the money and getting out. When his partner Christian, is caught up in a kidnapping and murder scheme. Dusty and King come to his rescue but only ",210000,,,3.8,248
tt4028134,Lake Fear,Cypress Creek,2014,,MGI Films,USA,English,89.0,Michael Crum,Gerald Crum,"Joshua Winch, Shanon Snedden, Taylor LeeAnn Graham","Comedy, Horror","Four girls go to a cabin in the woods, which is inhabited by evil. This cabin then ensnares them in a labyrinth of macabre as they must battle their way out.",8000,,,4.4,1779
tt3170504,Last Love Lost,,2015,Not Rated,,,,83.0,Jahmar Hill,Jahmar Hill,"Jahmar Hill, Toni Belafonte, Talli Clemons",Drama,Antonio (Jahmar Hill) is awakened from a coma he was in for a year and a half after being shot by his father while trying to break up a domestic dispute between him and his mother. When ,,,,7.5,15
tt7606620,"Leal, solo hay una forma de vivir",,2018,,Arco Libre,Paraguay,Spanish,107.0,Rodrigo Salomón,Andrés Gelós,"Luis Aguirre, Fini Bocchino, Bruno Sosa Bofinger","Action, Crime, Drama",Former Colonel Fernandez is appointed Minister of the National Anti-Drug Agency (SENAD) and purges the special forces to fight the first of many battles against drug trafficking on the border of Paraguay and Argentina.,,,405016,6.0,451
tt0432314,Leningrad,,2009,R,Channel One Russia,Russia,Russian,110.0,Aleksandr Buravskiy,Aleksandr Buravskiy,"Mira Sorvino, Armin Mueller-Stahl, Olga Sutulova","Drama, War","When in 1941 Nazi Germany invaded the Soviet Union, their troops quickly besieged Leningrad. Foreign journalists are evacuated but one of them, Kate Davies, is presumed dead and misses the ",7000000,,,6.1,4267
tt2464812,Licks,,2013,,,USA,English,97.0,Jonathan Singer-Vine,Jonathan Singer-Vine,"Stanley Doe Hunt, Koran Streets, Les Aderibigbe",Drama,"'LICKS' follows the story of a young man, D, as he returns to his Oakland neighborhood after two years served in prison for a botched robbery. In the days after his release, we are taken ",,,,6.5,341
tt1872819,Like Water,,2011,Not Rated,,USA,English,76.0,Pablo Croce,Ramon Lemos,"Anderson Silva, José Aldo, Penny Buffington","Documentary, Biography, Sport","In the most brutal and often most misunderstood sport in the world, becoming a champion takes more than just blood, sweat, and tears. Like Water follows middleweight Ultimate Fighter ",325000,,227332,7.0,1448
tt4919484,Little Men,,2016,PG,Race Point Films,USA,English,85.0,Ira Sachs,Mauricio Zacharias,"Greg Kinnear, Jennifer Ehle, Paulina García",Drama,A new pair of best friends have their bond tested by their parents' battle over a dress shop lease.,2000000,702537,2008649,6.7,6307
tt0472126,Local Color,,2006,R,Alla Prima Productions,USA,English,107.0,George Gallo,George Gallo,"Armin Mueller-Stahl, Trevor Morgan, Ray Liotta",Drama,"A successful artist looks back with loving memories on the summer of his defining year, 1974. A talented but troubled 18-year-old aspiring artist befriends a brilliant elderly alcoholic ",3000000,32788,32788,6.9,1405
tt0081073,Loophole,,1981,PG,Brent Walker,UK,English,105.0,John Quested,Jonathan Hales,"Albert Finney, Martin Sheen, Susannah York","Adventure, Crime, Drama","When architect Stephen Booker loses his partnership, he finds jobs hard to come by, and with money in short supply, he unwittingly becomes involved in a daring scheme to rob one of London's biggest bank vaults.",,,,5.9,569
tt1602479,Love in a Puff,Chi Ming yi Chun Kiu,2010,,Making Film,Hong Kong,Cantonese,104.0,Ho-Cheung Pang,Heiward Mak,"Miriam Chin Wah Yeung, Shawn Yue, Singh Hartihan Bitto","Comedy, Drama, Romance","Since 2007, the Hong Kong health authorities have implemented an anti-smoking law that bans people from smoking in all indoor areas, including offices, restaurants, bars, and karaoke ",,,855076,7.2,2139
tt9619402,Loving Is Losing,El Que Se Enamora Pierde,2019,,,Colombia,Spanish,,Fernando Ayllón,,"Joavany Alvarez, Linda Baldrich, María Cecilia Botero",Comedy,"She's single, pregnant and fighting for the job of her dreams. The last thing she needs is to fall in love.",,,537185,5.6,81
tt0100079,Luther the Geek,,1989,Not Rated,Albright/Platt Films,USA,English,80.0,Carlton J. Albright,Carlton J. Albright,"Edward Terry, Joan Roth, Stacy Haiduk","Comedy, Horror","As a young child Luther The Geek or ""The Freak"" witnesses a band of men goading a geek (a man who bites off chicken's heads and drinks the blood) into performing. In the ensuing hullabaloo,",,,,5.1,865
tt5584756,Mademoiselle Paradis,,2017,,Nikolaus Geyrhalter Filmproduktion,Austria,German,97.0,Barbara Albert,Kathrin Resetarits,"Maria Dragus, Devid Striesow, Lukas Miko","Drama, History",A blind pianist living in 18th-century Vienna forms an extraordinary relationship with the physician who is trying to restore her sight.,,,17545,6.5,507
tt6116568,Making a Killing,,2018,Not Rated,CanAmPac3,Canada,English,106.0,Devin Hume,Devin Hume,"Mike Starr, Jude Moran, Alaina Warren Zachary","Crime, Drama, Mystery","Three morticians get caught in a web of greed and deceit, involving buried treasure and a tangled love affair, in this modern day crime mystery that is based on a true story.",,,,4.6,144
tt4537986,Manhunt,Zhui bu,2017,,Lion Rock Productions,China,Mandarin,106.0,John Woo,Jukô Nishimura,"Hanyu Zhang, Masaharu Fukuyama, Stephy Qi","Action, Thriller","Accused of heinous crimes he didn't commit, a prosecutor sets out on a mission to clear his name.",30000000,,18339343,5.2,2295
tt0260023,Margarette's Feast,A Festa de Margarette,2003,,Accorde Filmes,Brazil,,90.0,Renato Falcão,Renato Falcão,"Hique Gomez, Carmem Silva, Jefferson Silveira",Comedy,"A black and white, surreal and silent comedy. Pedro has a dream of giving his wife an unforgettable birthday feast.",,,,6.9,73
tt0838225,Mary Proud,,2006,,Cool People Entertainment LLC,USA,English,106.0,Kirsten Person-Ramey,Kirsten Person-Ramey,"Kirsten Person-Ramey, Roudie Augustin, Laura Brooks",Drama,Mary Proud is going through a divorce with her cheating deacon husband. She takes their two kids to Atlanta to start her music career. Will she stay focused?,25000,,,4.8,12
tt5752606,Maze,,2017,Not Rated,Mammoth Films,Ireland,English,92.0,Stephen Burke,Stephen Burke,"Tom Vaughan-Lawlor, Barry Ward, Martin McCann","Crime, Drama, History","Inspired by the true events of the infamous 1983 prison breakout of 38 IRA prisoners from HMP, which was to become the biggest prison escape in Europe since World War II.",,44381,1067045,5.9,2638
tt6313378,Memoir of War,La douleur,2017,,Cinéfrance 1888,France,French,127.0,Emmanuel Finkiel,Marguerite Duras,"Mélanie Thierry, Benoît Magimel, Benjamin Biolay",Drama,Marguerite must navigate through the hardships of the Liberation after losing her husband and starting a relationship with the enemy during the War.,,103636,2980982,6.1,736
tt0282744,Mike Bassett: England Manager,,2001,Not Rated,Artists Independent Productions,UK,English,89.0,Steve Barron,Rob Sprackling,"Ricky Tomlinson, Amanda Redman, Bradley Walsh","Comedy, Sport","The manager of England's national football unexpectedly succumbs to a heart attack, and suddenly the search is on for a replacement. Most people who seem qualified for the position have the",,,5022865,6.9,5158
tt0032799,Misbehaving Husbands,,1940,Approved,Jed Buell Productions,USA,English,65.0,William Beaudine,Cea Sabin,"Harry Langdon, Betty Blythe, Esther Muir","Comedy, Romance","The owner of a department store is threatened with divorce by his wife, who has gotten reports that he's been seen in the arms of a beautiful blonde on the night of their 20th wedding anniversary. He has to find a way to convince her that the ""beautiful blonde"" in question was actually a store mannequin that he was taking in for repairs.",,,,5.4,105
tt1895484,Model Minority,,2012,Not Rated,Nice Girls Films,USA,English,94.0,Lily Mariye,Lily Mariye,"Nichole Bloom, Courtney Mun, Jessica Tuck",Drama,"Written and directed by ER (1994) castmember Lily Mariye, this gritty, sexually frank coming-of-age story has won 11 awards. Set in inner-city Los Angeles. Stars the immensely sympathetic ",200000,,,7.7,970
tt2168938,Monster High: Why Do Ghouls Fall in Love?,,2012,TV-Y7,Mattel,USA,English,46.0,Dustin Mckenzie,Mike Montesano,"Laura Bailey, Ogie Banks, Cam Clarke","Animation, Romance","Valentine's Day and the 1600th Draculaura's birthday are coming. Ghoulfriends are making her the party, Clawd (her current boyfriend) is looking for perfect gift but suddenly Valentine (the old one) appears.",,,,6.8,500
tt6566830,Most Likely to Murder,,2018,R,Lionsgate,USA,English,90.0,Dan Gregor,Dan Gregor,"Adam Pally, Rachel Bloom, Vincent Kartheiser",Comedy,"A home for the holidays murder-mystery comedy - former high-school hero Billy (Adam Pally) comes back to his hometown expecting things to be like they used to. Instead, he finds all his ",,,,5.1,723
tt6212496,Mr. Roosevelt,,2017,R,Beachside Films,USA,English,90.0,Noël Wells,Noël Wells,"Noël Wells, Nick Thune, Britt Lower",Comedy,"After a loved one falls ill, 25 year old struggling comedian Emily Martin returns to her college town of Austin, Texas and must come to terms with her past while staying with her ex-boyfriend and his new girlfriend.",,,,6.2,2104
tt0436613,Murderball,,2005,R,Paramount Pictures,USA,English,88.0,Henry Alex Rubin,,"Joe Soares, Keith Cavill, Mark Zupan","Documentary, Sport","Quadriplegics, who play full-contact rugby in wheelchairs, overcome unimaginable obstacles to compete in the Paralympic Games in Athens, Greece.",1750211,1531154,1751895,7.7,9610
tt0097936,My Brother's Wife,,1989,PG,Adam Productions,USA,English,96.0,Jack Bender,A.R. Gurney,"John Ritter, Mel Harris, Dakin Matthews",Drama,"Barney is a guy who comes home for his father's funeral. Eleanor, his brother's wife who is Barney first love meets him and they go to the club where they first met. And Barney recalls how ",,,,5.6,105
tt0028010,My Man Godfrey,,1936,Not Rated,Universal Pictures,USA,English,94.0,Gregory La Cava,Morrie Ryskind,"William Powell, Carole Lombard, Alice Brady","Comedy, Drama, Romance",A scatterbrained socialite hires a vagrant as a family butler - but there's more to Godfrey than meets the eye.,656000,,,8.0,19228
tt0013422,My Wife's Relations,,1922,,First National Pictures,USA,English,25.0,Edward F. Cline,Buster Keaton,"Buster Keaton, Wallace Beery, Monte Collins","Short, Comedy","By accident, Buster and an intimidating woman end up married.",,,,6.6,1744
tt0482499,Electric Apricot,,2006,,BAIT (Bay Area Independant Theatrics),USA,English,,Les Claypool,Les Claypool,"Jonathan Korty, Adam Gates, Adam Gates",1h 32min,"Electric Apricot is a spoof of jam bands centered around the band, Electric Apricot, in the style of ""This Is Spinal Tap"". The members of the band go by the assumed names, Steve Hampton ",,,,6.8,581
tt0042783,Never Fear,,1950,Passed,The Filmakers,USA,English,82.0,Ida Lupino,Ida Lupino,"Sally Forrest, Keefe Brasselle, Hugh O'Brian",Drama,A dancer who has just gotten engaged to her partner and choreographer and is about to embark on a major career is devastated to learn that she has contracted polio.,,,,6.5,290
tt7186092,"Nico, 1988",,2017,R,Vivo Film,Italy,English,93.0,Susanna Nicchiarelli,Susanna Nicchiarelli,"Trine Dyrholm, John Gordon Sinclair, Anamaria Marinca","Biography, Drama, Music","The last year of singer Nico's life, as she tours and grapples with addiction and personal demons.",,73304,83558,6.8,1168
tt0959329,Nine Dead,,2010,R,Hartbreak Films,USA,English,98.0,Chris Shadley,Patrick Wehe Mahoney,"Melissa Joan Hart, William Lee Scott, John Terry","Crime, Drama, Horror",Nine strangers are kidnapped and forced to figure out the connection they have to each other as one has to die every ten minutes.,2000000,,,5.5,11654
tt5176390,Non-Transferable,,2017,TV-14,Jigsaw Ensemble,USA,English,83.0,Brendan Bradley,Brendan Bradley,"Ashley Clements, Brendan Bradley, Shanna Malcolm",Comedy,"Stuck with vacation reservations in her ex-boyfriend's name, Amy Tyler decides if she can't change the tickets...why not change the guy?",,,,5.4,796
tt5512756,Nothing Good Ever Happens,,2016,TV-MA,New Dynamic,USA,English,91.0,Henrique Couto,Henrique Couto,"Al Snow, Erin R. Ryan, Marylee Osborne","Comedy, Drama","Our film is about Neil who is a painter and graphic designer, on a morning just like any other morning his girlfriend Amanda leaves him and moves out of their house (don't worry, it's a ",,,,5.5,70
tt1937390,Nymphomaniac: Vol. I,,2013,Not Rated,Zentropa Entertainments,Denmark,English,117.0,Lars von Trier,Lars von Trier,"Charlotte Gainsbourg, Stellan Skarsgård, Stacy Martin",Drama,A self-diagnosed nymphomaniac recounts her erotic experiences to the man who saved her after a beating.,,785896,10334503,6.9,109700
tt3057572,Of Mind and Music,Una Vida: A Fable of Music and the Mind,2014,PG-13,Una Vida Productions,USA,English,98.0,Richie Adams,Richie Adams,"Joaquim de Almeida, Aunjanue Ellis, Bill Cobbs","Drama, Music","A story about a beautiful street musician suffering from memory loss and a disheartened neuroscientist intent on helping her, bringing together the city of New Orleans and the jazz that made it famous.",,15073,40322,7.0,304
tt0086050,One Dark Night,,1982,PG,,USA,English,89.0,Tom McLoughlin,Tom McLoughlin,"Meg Tilly, Melissa Newman, Robin Evans",Horror,"As part of an initiation into a club called the Sisters, a young girl must spend the night in a mausoleum.",978000,,,5.7,2257
tt7121252,On My Skin: The Last Seven Days of Stefano Cucchi,Sulla mia pelle,2018,TV-MA,Cinemaundici,Italy,Italian,100.0,Alessio Cremonini,Alessio Cremonini,"Alessandro Borghi, Massimiliano Tortora, Milvia Marigliano","Biography, Drama","The incredible true story behind the most controversial Italian court cases in recent years. Stefano Cucchi was arrested for a minor crime but in just one week's time, a family is changed forever.",,,657690,7.3,5406
tt2781406,Orthodox,,2015,,Archface Films,UK,English,98.0,David Leon,David Leon,"Stephen Graham, Giacomo Mancini, Michael Smiley","Crime, Drama","Benjamin, a boy bullied for his Jewish faith, takes up boxing as a means of self-defense, alienating himself from his religious community. As an adult caught between two worlds, his ",,,4077,4.8,173
tt6330514,Out of Thin Air,,2017,,Saga Film,,English,85.0,Dylan Howitt,,"Smari Gunn, Ottó Gunnarsson, Ingi Hrafn Hilmarsson","Documentary, Crime","Iceland, 1976. Six suspects confess to two violent crimes. This is the strangest criminal investigation you've never heard of.",,,8083,6.3,1367
tt3669520,Palio,,2015,Not Rated,Palio Pictures,UK,Italian,91.0,Cosima Spender,John Hunt,,"Documentary, Drama, Sport","Twice a year the Italian city of Siena goes crazy for the oldest horse race in the world: the Palio. Not your average race: strategy, bribery and corruption play as much a part as the skill",,,90441,7.3,597
tt10511826,Parchís: The Documentary,Parchís: El documental,2019,,Inedit Films,Spain,Spanish,106.0,Daniel Arasanz,Daniel Arasanz,"Eva Mariol, Imma Cabecerans, Joaquín Oristrell",Documentary,"A documentary about the rise and fall of the Spanish children's music group, Parchis.",,,,6.8,361
tt1916719,Patriocracy,,2011,Not Rated,Fast Forward Films,USA,English,90.0,Brian Malone,Brian Malone,"Josh Goodman, Jason Altmire, Rob Andrews",Documentary,An examination of the current state of political polarization in the United States of the America.,80000,,,6.6,199
tt6854248,Perfect Bid: The Contestant Who Knew Too Much,,2017,TV-PG,FortyFPS Productions,Canada,English,72.0,C.J. Wallis,,"Theodore Slauson, Bob Barker, Roger Dobkowitz","Documentary, History","The story of Ted Slauson, a contestant who gamed the rules of The Price Is Right (1972) through extensive analysis and became a sensation on the game show.",,,,6.6,1741
tt0093731,Phoenix the Warrior,,1988,Not Rated,Action International Pictures (AIP),USA,English,89.0,Robert Hayes,Robert Hayes,"Persis Khambatta, Kathleen Kinmont, Peggy McIntaggart","Action, Sci-Fi","Big hair, big guns, big personalities, and a serious lack of wardrobe. She-Wolves of the Wasteland, a post-apocalyptic story that features women--lots and lots of women--who leave little to",,,,3.7,672
tt6999104,Planet FIFA,,2016,TV-PG,Arte France,France,French,94.0,Jean-Louis Perez,,,Documentary,"This documentary gives a full background into the world of international football (national soccer teams) and the corrupt company that controls its organisation, FIFA. World Cups go to the ",,,,6.7,119
tt1961324,Pokémon the Movie: Black-Victini and Reshiram,Gekijouban Pokketo monsutâ Besuto wisshu: Bikutini to shiroku eiyuu Reshiramu,2011,Not Rated,Creatures,Japan,Japanese,88.0,Kunihiko Yuyama,Satoshi Tajiri,"Sarah Natochenny, Eileen Stevens, Jason Griffith","Animation, Drama, Family","Victini, a legendary Pokémon, unable to leave the boundaries of its hometown, is targeted by a determined villager to restore the homelands of his ancestors.",,,,5.8,749
tt0362942,Post Impact,,2004,R,Tandem Productions,Germany,English,90.0,Christoph Schrewe,Torsten Dewi,"Dean Cain, Bettina Zimmermann, Joanna Taylor","Action, Adventure, Sci-Fi","After a meteor strike starts a new ice age, a group of survivors tries to find a device that could give mankind new hope",3200000,,,3.2,1855
tt0117381,Primal Fear,,1996,R,Paramount Pictures,USA,English,129.0,Gregory Hoblit,William Diehl,"Richard Gere, Laura Linney, Edward Norton","Crime, Drama, Mystery","An altar boy is accused of murdering a priest, and the truth is buried several layers deep.",30000000,56116183,102616183,7.7,168909
tt0431308,P.S. I Love You,,2007,PG-13,Alcon Entertainment,USA,English,126.0,Richard LaGravenese,Richard LaGravenese,"Hilary Swank, Gerard Butler, Harry Connick Jr.","Comedy, Drama, Romance",A young widow discovers that her late husband has left her 10 messages intended to help ease her pain and start a new life.,30000000,53695808,156835339,7.0,193670
tt0050870,Pyaasa,,1957,Not Rated,Guru Dutt Films Pvt. Ltd.,India,Hindi,146.0,Guru Dutt,Abrar Alvi,"Guru Dutt, Waheeda Rehman, Mala Sinha","Drama, Musical, Romance",A talented but indigent poet Vijay struggles for love and recognition in this selfish world.,,,,8.5,4780
tt0045064,Radar Men from the Moon,,1952,Approved,Republic Pictures (I),USA,English,167.0,Fred C. Brannon,Ronald Davidson,"George Wallace, Aline Towne, Roy Barcroft","Action, Sci-Fi","Strategic targets on Earth are being destroyed by an unknown weapon. Government security head Henderson suspects it's an ""atomic ray"" originating from the moon! He assigns Commando Cody, ",185702,,,4.6,737
tt5125576,Rajwade and Sons,,2015,,Kaffe Kamera,India,Marathi,125.0,Sachin Kundalkar,Sachin Kundalkar,"Satish Alekar, Atul Kulkarni, Mrinal Kulkarni",Drama,A rich joint family of jewelers is under the unreasonably conservative control of their grandfather. The teenagers of the third generation feel stifled and unhappy. The movie tells us how they break free and make their own life choices.,,,,7.0,138
tt4377952,Rattle the Cage,Zinzana,2015,,Imagenation Abu Dhabi FZ,United Arab Emirates,Arabic,96.0,Majid Al Ansari,Majid Alansari,"Ali Suliman, Omar Abdulhamid, Abdalla Bu Abed","Crime, Drama, Thriller","Trapped in a prison cell (""Zinzana"") in a remote police station, a man named Talal (Saleh Bakri) is tortured by visions of his beloved ex-wife and son as he waits to hear his fate. When ",,,89983,6.7,573
tt1470020,Redemption Road,,2010,PG-13,Heavy Duty Entertainment,USA,English,95.0,Mario Van Peebles,Morgan Simpson,"Luke Perry, Taryn Manning, Michael Clarke Duncan",Drama,Two men embark on a music-steeped journey through the American South.,2300000,29384,29384,5.7,483
tt1023505,Remembering Phil,,2008,TV-14,Prevalent Films,USA,English,85.0,Brian J. Smith,Michael Katz,"Nicholas Turturro, Christina Murphy, Joanne Kelly",Comedy,"""When TV writer-producer PHIL WINTERS (Turturro) returns from vacation, it seems as if no one is aware that he's ever existed. His luggage is lost, he has no mail or voice messages. Things ",,,,6.8,42
tt10581102,Return to Horror Hotel,,2019,,Horror Hotel,USA,English,83.0,Ricky Hess,Al Hess,"Baby Norman, J Michael Grey, R.C. Sayyah","Horror, Sci-Fi","Return to Horror Hotel is an anthology feature with 4 segments. One is about giant a bedbugs, one is about a magical charm that turns girls beautiful, one is about a WWII sailor who hasn't aged and one is about a terrorizing severed hand.",,,,4.1,384
tt0029485,Riders of the Rockies,,1937,Approved,Boots and Saddles Pictures,USA,English,56.0,Robert N. Bradbury,Robert Emmett Tansey,"Tex Ritter, White Flash, Louise Stanley","Action, Comedy, Music","Tex and his pals join the Rangers to fight rustlers along the border. When Doc and Pee Wee get framed for rustling and then jailed, Tex deserts the Rangers, crosses the border, and joins up",,,,5.0,50
tt0110998,River of Grass,,1994,Not Rated,Good Machine,USA,English,76.0,Kelly Reichardt,Jesse Hartman,"Lisa Donaldson, Larry Fessenden, Dick Russell",Drama,"Cozy, a dissatisfied housewife, meets Lee at a bar. A drink turns into a home break-in, and a gun shot sends them on the run together, thinking they've committed murder.",,11553,11553,6.5,1083
tt0105268,Rock Hudson's Home Movies,,1992,Not Rated,Couch Potatoe Productions,USA,English,63.0,Mark Rappaport,Mark Rappaport,"Eric Farr, Lauren Bacall, Cyd Charisse","Documentary, Biography",Documentary about the career and eventual death from AIDS of actor Rock Hudson.,,,,5.8,359
tt3170832,Room,,2015,R,Element Pictures,Ireland,English,118.0,Lenny Abrahamson,Emma Donoghue,"Brie Larson, Jacob Tremblay, Sean Bridgers","Drama, Thriller","Held captive for 7 years in an enclosed space, a woman and her young son finally gain their freedom, allowing the boy to experience the outside world for the first time.",13000000,14677654,35401758,8.1,330170
tt0398375,Rumor Has It...,,2005,PG-13,Warner Bros.,USA,English,97.0,Rob Reiner,Ted Griffin,"Jennifer Aniston, Mark Ruffalo, Shirley MacLaine","Comedy, Drama, Romance","Sarah Huttinger is a woman who learns that her family was the inspiration for the book and film ""The Graduate"" -- and that she just might be the offspring of the well-documented event.",70000000,43000262,88933562,5.5,50081
tt0064916,Sabata,Ehi amico... c'è Sabata. Hai chiuso!,1969,PG-13,Produzioni Europee Associate (PEA),Italy,English,111.0,Gianfranco Parolini,Renato Izzo,"Lee Van Cleef, William Berger, Ignazio Spalla",Western,"A master gunfighter teams up with a banjo-playing drifter and a Mexican tramp to foil the town leaders of Daugherty, Texas, who want to steal $100,000 from their own bank to buy land that the approaching railroad will cross.",,,,6.8,4035
tt2907394,Samir Abu el-Nil,,2013,,,Egypt,Arabic,109.0,Amr Arafa,,"Ahmed Mekky, Nicole Saba, Muhammad Lutfi",Comedy,"A thrifty young man called Sammer who live in popular neighborhood, due to his stinginess, he faces many paradoxes with his neighbors, and they dislike him more and more for his rudeness.",,,467059,4.3,256
tt5701172,Sardaarji 2,,2016,,Virasat Films,Australia,Punjabi,145.0,Rohit Jugraj,Surmeet Maavi,"Sonam Bajwa, Jaswinder Bhalla, Corinne Deanna Campbell","Adventure, Comedy",A short-tempered farmer exiled in Australia must raise a large sum of money before he can return to his village.,INR140000000,,261306,5.4,477
tt8396120,Savita Damodar Paranjpe,,2018,,J.A. Entertainment,India,Marathi,108.0,Swapna Waghmare Joshi,Shirish Latkar,"Subodh Bhave, Trupti Toradmal, Raqesh Bapat",Thriller,The life of a married couple turns upside down after 8 years of marriage as some hard truths between them come to light. The answers to all these questions will be revealed in this psychological thriller based on true events.,,,,6.0,192
tt0070654,Scream Bloody Murder,,1973,R,Alan Roberts Productions,USA,English,90.0,Marc B. Ray,Larry Alexander,"Fred Holbert, Leigh Mitchell, Robert Knox",Horror,"A disturbed boy kills his father with his farm tractor and his arm is mangled in the process. He's taken to a mental hospital where he's outfitted with a hook to replace his lost hand and, ",,,,4.8,917
tt6959562,Secrets of Chatsworth,,2013,,,USA,English,,Susannah Ward,,,Documentary,Add a Plot »,,,,7.4,112
tt6476140,Serenity,,2019,R,Blue Budgie Films Limited,UK,English,106.0,Steven Knight,Steven Knight,"Matthew McConaughey, Anne Hathaway, Diane Lane","Drama, Mystery, Thriller",A fishing boat captain juggles facing his mysterious past and finding himself ensnared in a reality where nothing is what it seems.,25000000,8547045,14387413,5.3,26436
tt0139606,Shades,,1999,,Corsan,Belgium,Dutch,93.0,Erik Van Looy,Paul Breuls,"Mickey Rourke, Gene Bervoets, Andrew Howard","Drama, Comedy","Shades is a film about (imaginary) Belgian serial killer Freddy Lebecq which producer Max Vogel, a former lawyer, is determined to make into an internationally co-produced, relatively big ",,,,5.4,493
tt0313597,Shark Attack 3: Megalodon,,2002,R,Millennium Films,Israel,English,99.0,David Worth,Scott Devine,"John Barrowman, Jenny McShane, Ryan Cutrona","Action, Adventure, Horror",When two researchers discover a colossal shark's tooth off the Mexican coast their worst fears surface - the most menacing beast to ever rule the waters is still alive and mercilessly feeding on anything that crosses its path.,,,,2.8,4840
tt2862288,She Sings to the Stars,,2015,,,USA,English,106.0,Jennifer Corcoran,Jennifer Corcoran,"Larry Cedar, Fannie Loretto, Jesus Mayorga","Drama, Mystery, Sci-Fi","The endless desert. A Native American grandmother lives alone tending her corn. Her half-Mexican grandson and a white, aging magician are stranded. No water. A river of stars. Everything changes: anything is possible.",,,,6.5,41
tt0281190,Shottas,,2002,R,Access Pictures,USA,English,95.0,Cess Silvera,Cess Silvera,"Ky-Mani Marley, Spragga Benz, Louie Rankin","Action, Crime, Drama","This movie is about crime connected to selling drugs and extortion, hence the title. The crimes which start off in Jamaica then move to USA.",200000,,,6.2,3857
tt0117653,Silent Trigger,,1996,R,Algonquin Productions Limited,Canada,English,93.0,Russell Mulcahy,Sergio Altieri,"Dolph Lundgren, Gina Bellman, Conrad Dunn","Action, Drama, Thriller","Waxman is a former Special Forces soldier who is now working as a heavily armed assassin for a top secret government agency. When a covert mission goes terribly wrong, Waxman and fellow assassin Clegg become that agency's prime targets.",9000000,,,5.5,3438
tt3512160,S Is for Stanley,,2015,,Kinethica,Italy,English,78.0,Alex Infascelli,Alex Infascelli,"Emilio D'Alessandro, Alex Infascelli, Roberto Pedicini","Documentary, Biography, Drama","S Is For Stanley is the story of Emilio D'Alessandro, Stanley Kubrick's personal driver. A Friendship that lasted through 30 years of their lives, helped create four cinema masterpieces, ",,,,7.1,721
tt3831636,Slasher.com,,2017,R,Firefly Films,USA,English,89.0,Chip Gubera,Chelsea Andes,"Jewel Shepard, R.A. Mihailoff, Ben Kaplan","Crime, Horror, Thriller","After meeting online, Jack and Kristy go on a weekend getaway to the woodlands of rural Missouri. While discovering each other, they soon learn of the terrorizing horrors that the forest has in store.",,,,3.3,466
tt1621957,Smash: Motorized Mayhem,Smash,2009,,,USA,English,70.0,Kevin J. Burroughs,,"Benjamin Craft, W. Earl Brown","Documentary, Comedy, Sport",Motorized Mayhem...A Redneck Rodeo.,,,,6.2,44
tt4028312,Soledad,,2014,,,USA,English,,Eduardo Maytorena,Eduardo Maytorena,"Chase Austin, Roseny Carrero, Jesse Celedon",1h 24min,"A lonely limousine driver named Victor lives an isolated existence until one evening he is forced to defend a client, Raquel; from being sexually assaulted by her prom date, Preston. A ",,,,7.0,61
tt0169253,Songs and Saddles,,1938,Approved,M & A Alexander Productions Inc.,USA,English,59.0,Harry L. Fraser,Arthur A. Brooks,"Gene Austin, Lynne Berkeley, Henry Roquemore","Action, Adventure, Music","Standard oater with a plot line of a local schemer and his henchies trying to beat an old rancher out of his unknown-to-him valuable property, which sets where a new highway is going to be ",,,,4.9,30
tt5333812,Southwest of Salem: The Story of the San Antonio Four,,2016,,Motto Pictures,USA,English,91.0,Deborah S. Esquenazi,,,Documentary,A documentary that follows the struggle for exoneration of four Latina lesbians who were wrongfully convicted of gang rape against two young girls.,,,,7.1,313
tt0970453,Spike,,2008,R,Hopeful Monster,USA,English,80.0,Robert Beaucage,Robert Beaucage,"Sarah Livingston Evans, Jared Edwards, Anna-Marie Wayne","Fantasy, Horror, Romance","Through a series of dreamlike images, a girl and her three friends find themselves stranded in a dark and surrealistic forest by someone - or something - who has obsessively loved, watched, and waited for the girl ever since childhood.",,,,3.2,389
tt3315416,Status: It's Complicated!,,2013,TV-MA,Regal Films,Philippines,Filipino,110.0,Chris Martinez,Jose N. Carreon,"Eugene Domingo, Jake Cuenca, Maja Salvador","Comedy, Romance","Manny and Jerry have been best buddies and housemates for a long time. Manny believes that love, just like sex, should be shared with as many partners as possible. On the other hand, Jerry ",,,578612,5.2,34
tt0457472,Stolen Life,Sheng si jie,2005,,Arc Light Films,China,Mandarin,90.0,Shaohong Li,Liao Yimei,"Ming Cai, Xiaoming Su, Jun Wu",Drama,"When Yan'ni starts college, she believes she is embarking on a new life away from her family, and she is but without the new beginning she anticipates. Once at school, she immediately meets",,,,6.5,276
tt4975280,Strangled,A martfüi rém,2016,,FocusFox Studio,Hungary,Hungarian,121.0,Árpád Sopsits,,"Károly Hajduk, Gábor Jászberényi, Zsolt Anger","Crime, Horror, Thriller",True story of a serial killer in 1950-60s Hungary.,HUF710000000,,208999,7.0,4833
tt1584733,Suicide Girls Must Die!,,2010,R,First Look International,USA,English,97.0,Sarah Remetch,Brian Fagan,"Amina, Bailey Suicide, Bully Suicide",Horror,"When twelve nude models for the infamous SuicideGirls.com begin disappearing from a remote cabin, the calendar video they are shooting becomes the first reality horror movie.",,,,3.2,672
tt0022454,Svengali,,1931,Approved,Warner Bros.,USA,English,81.0,Archie Mayo,George L. Du Maurier,"John Barrymore, Marian Marsh, Donald Crisp","Drama, Horror, Romance","Through hypnotism and telepathic mind control, a sinister music maestro controls the singing voice, but not the heart, of the woman he loves.",,,,6.8,1610
tt1764625,Tad: The Explorer,Las aventuras de Tadeo Jones,2012,TV-PG,"Toro Pictures, El",Spain,English,92.0,Enrique Gato,Javier López Barreira,"Óscar Barberán, Michelle Jenner, José Mota","Animation, Adventure, Comedy","Tad is a celebrity archeologist and adventurer just like his hero Max Mordon... in his dreams! In reality, Tad is a Chicago construction worker. One day, however, he is mistaken for a real ",EUR5000000,,23955916,5.9,7015
tt8512320,Target,,2018,,Soraya Intercine Film PT,Indonesia,Indonesian,93.0,Raditya Dika,Raditya Dika,"Raditya Dika, Cinta Laura Kiehl, Samuel Rizal","Comedy, Thriller",Nine people are forced to play a lethal game in which only one of them can survive after they become trapped in an empty building.,,,,4.0,289
tt0030839,Telephone Operator,,1937,Approved,Monogram Pictures,USA,English,70.0,Scott Pembroke,John W. Krafft,"Judith Allen, Grant Withers, Warren Hymer","Action, Drama, Romance","A telephone operator covering for a friend's ""fling"" finds herself in the middle of a major disaster when the city is hit by a big flood and her switchboard is the center of communications.",,,,6.0,101
tt0086429,Testament,,1983,PG,Paramount Pictures,USA,English,90.0,Lynne Littman,Carol Amen,"Jane Alexander, William Devane, Rossie Harris",Drama,The life of a suburban American family is scarred after a nuclear attack.,,2044892,2044892,6.9,5412
tt0053882,The 3 Worlds of Gulliver,,1960,Not Rated,Morningside Productions,UK,English,99.0,Jack Sher,Arthur A. Ross,"Kerwin Mathews, Jo Morrow, June Thorburn","Adventure, Family, Fantasy","After being shipwrecked, a man finds himself on an island inhabited by tiny people, who soon make plans for him.",,,,6.5,2193
tt5153158,El Alien y yo,,2016,,,Mexico,Spanish,82.0,Jesús Magaña Vázquez,Fernando del Razo,"Ines De Tavira, Juan Pablo Campa, Paco de la Fuente","Comedy, Music, Romance","Lauro, Rita and Agus have a punk band that's not very successful, so they decide to bring a keyboard player to ""refresh"" their sound, and that's when they meet Pepe, a talented player. In ",,,,5.5,114
tt0448993,The Art of Travel,,2008,R,Brenster Productions,USA,English,100.0,Thomas Whelan,Brian LaBelle,"Christopher Masterson, Brooke Burns, Johnny Messner",Drama,"High school grad. Conner Layne is about to marry his first love, but when wedding plans fail, he goes solo on his honeymoon to Central America, finding adventure with a ragtag group of ",2000000,,,6.4,2388
tt6412452,The Ballad of Buster Scruggs,,2018,R,Annapurna Pictures,USA,English,133.0,Ethan Coen,Joel Coen,"Tim Blake Nelson, Willie Watson, Clancy Brown","Comedy, Drama, Musical","Six tales of life and violence in the Old West, following a singing gunslinger, a bank robber, a traveling impresario, an elderly prospector, a wagon train, and a perverse pair of bounty hunters.",,,,7.3,98214
tt1268937,The Best Men,,2007,Not Rated,,USA,English,14.0,Tony Wei,Jesse Whitnall,"Michael Ellison, Jason Yarusi, Anna Moore","Short, Drama","Moments before his best friend's wedding, Peter gets one last chance to rekindle mutual feelings long suppressed, but not abandoned. Sometimes the perfect reminder of first love's passion ",2000,,,6.4,275
tt2141761,The Blackout,,2013,Not Rated,Glossy Pictures,USA,English,90.0,Matt Hish,Keith Brown,"Michael Graziadei, Scott Rosa, Flood Reed",Comedy,Some people drink to forget. Rock stars drink to remember.,1300000,,,2.5,434
tt3882082,The Boy,,2016,PG-13,Lakeshore Entertainment,USA,English,97.0,William Brent Bell,Stacey Menear,"Lauren Cohan, Rupert Evans, James Russell","Horror, Mystery, Thriller","An American nanny is shocked that her new English family's boy is actually a life-sized doll. After she violates a list of strict rules, disturbing events make her believe that the doll is really alive.",10000000,35819556,74136180,6.0,71355
tt2043801,The Bunnyman Massacre,,2014,Not Rated,ANOC Productions,USA,English,90.0,Carl Lindbergh,Carl Lindbergh,"David Scott, Joshua Lang, Julianne Dowler",Horror,The adventures of Joe and Bunnyman know no limit of bloodlust and carnage. Bodies pile up as Bunnyman indiscriminately slaughters anything that crosses his path in a mutually beneficial ,,,,4.0,626
tt0071295,The Centerfold Girls,,1974,R,,USA,English,91.0,John Peyser,Bob Peete,"Jaime Lyn Bauer, Aldo Ray, Dennis Olivieri",Thriller,"A depraved religious fanatic sets out to punish all the ""immoral"" women who have posed for the center-fold of a men's magazine.",,,,5.5,582
tt3037028,The Clearstream Affair,L'enquête,2014,Not Rated,Nord-Ouest Films,France,French,106.0,Vincent Garenq,Vincent Garenq,"Gilles Lellouche, Charles Berling, Laurent Capelluto",Thriller,Journalist Denis Robert sparked a storm in the world of European finance by denouncing the murky operations of banking firm Clearstream. His quest to reveal the truth behind a secret world ,,,,6.5,784
tt8811136,The Coolest Guy Movie Ever: Return to the Scene of The Great Escape,,2018,Not Rated,Fast Carrier Pictures,USA,English,58.0,Christophe Espenan,Steven Jay Rubin,,Documentary,"Filmmaker Christophe Espenan's tribute to The Great Escape, The Coolest Guy Movie Ever is a fascinating documentary that returns to the iconic locations where that classic film was shot, complete with rare footage and interviews.",,,,4.6,17
tt0462242,El custodio,,2006,Not Rated,Rizoma Films,Argentina,Spanish,95.0,Rodrigo Moreno,Rodrigo Moreno,"Julio Chávez, Osmar Núñez, Marcelo D'Andrea",Drama,A bodyguard of a top politician is so dedicated that he's in danger of losing his own identity.,,,165392,6.5,803
tt0405861,The Deal,,2005,R,Front Street Pictures,Canada,English,107.0,Harvey Kahn,Ruth Epstein,"Christian Slater, Selma Blair, Robert Loggia","Crime, Drama, Thriller","A political thriller steeped in illegal oil trading, the Russian Mafia, and governmental cover-ups.",,,40070,5.0,1778
tt0052739,The Diary of a High School Bride,,1959,Not Rated,Alta Vista Productions,USA,English,72.0,Burt Topper,Mark Lowell,"Anita Sands, Ron Foster, Chris Robinson",Drama,A 17-year-old high-school senior must justify her wedding to a 24-year-old law student to both her parents and her unbalanced ex-boyfriend.,,,,5.9,58
tt6048414,The Enemies Within,,2016,,,USA,English,88.0,Judd Saul,,"John C. Drew, Clare Lopez, Trevor Loudon",Documentary,"Trevor Loudon's terrifying documentary ""Enemies Within"" exposes the ties between elected officials in the highest reaches of the United States government and their radical, anti-American allies.",100000,,,5.5,224
tt0018876,The Farmer's Wife,,1928,Not Rated,British International Pictures (BIP),UK,English,129.0,Alfred Hitchcock,Eden Phillpotts,"Jameson Thomas, Lillian Hall-Davis, Gordon Harker","Comedy, Drama, Romance","After his daughter weds, a middle-aged widower with a profitable farm decides to remarry, but finds choosing a suitable mate a problematic process.",,,,5.9,2287
tt0158622,The Flintstones in Viva Rock Vegas,,2000,PG,Universal Pictures,USA,English,90.0,Brian Levant,William Hanna,"Mark Addy, Stephen Baldwin, Kristen Johnston","Comedy, Family, Romance","In this live-action prequel to The Flintstones (1994), the Flintstones and the Rubbles go on a trip to Rock Vegas, where Wilma Slaghoople (Kristen Johnston) is pursued by playboy Chip Rockefeller (Thomas Gibson).",83000000,35268275,59468275,3.6,20006
tt1235170,The Future,,2011,R,GNK Productions,Germany,English,91.0,Miranda July,Miranda July,"Miranda July, Hamish Linklater, David Warshofsky","Drama, Fantasy, Romance","When a couple decides to adopt a stray cat their perspective on life changes radically, literally altering the course of time and space and testing their faith in each other and themselves.",1000000,568662,887172,6.2,7711
tt0052611,The Giant Behemoth,Behemoth the Sea Monster,1959,Not Rated,Artistes Alliance Ltd.,UK,English,80.0,Douglas Hickox,Robert Abel,"Gene Evans, André Morell, Leigh Madison","Action, Adventure, Drama",Marine atomic tests cause changes in the ocean's ecosystem resulting in dangerous blobs of radiation and the resurrection of a dormant dinosaur that threatens London.,,,,5.8,2073
tt0435653,The Gravedancers,,2006,R,Code Entertainment,USA,English,95.0,Mike Mendez,Brad Keene,"Dominic Purcell, Clare Kramer, Josie Maran",Horror,"After a night of drunken exploits, Allison, Harris, and Kira are chased and terrorized by the ghosts of a child pyromaniac, an ax murderer, and a rapist.",,321875,478535,5.5,8983
tt2992524,The Guvnors,,2014,Not Rated,DP Films,UK,English,95.0,Gabe Turner,Gabe Turner,"Tom Davis, Rochelle Neil, Jay Simpson",Thriller,"The Guvnors is a violent thriller set amongst the clans and firms of South East London, bringing two generations together in brutal conflict.",,,168588,5.8,2700
tt2236600,The Hired Killer,,2004,TV-MA,Julian Cheah Pictures,Malaysia,English,105.0,Julian Cheah,Julian Cheah,"Julian Cheah, Rod Manikam, Marisa Chong","Action, Drama, Thriller","A professional assassin accidentally injures a girl on a hit job. Out of a deep sense of guilt and a need for redemption, he takes on one last job to make things right.",MYR800000,,,6.2,8
tt3149900,The Hunted,,2013,PG-13,Fortress Features,USA,English,89.0,Josh Stewart,Josh Stewart,"Josh Stewart, Skipp Sudduth, Katherine Von Till","Horror, Mystery, Thriller","Chasing their dream of landing their own hunting show, two hunters head into the dense, secluded mountains of West Virginia only to realize they are not alone.",,,,4.7,1072
tt4872078,The Intervention,,2016,R,Burn Later Productions,USA,English,90.0,Clea DuVall,Clea DuVall,"Melanie Lynskey, Jason Ritter, Skylar Bernon","Comedy, Drama",A weekend getaway for four couples takes a sharp turn when one of the couples discovers the entire trip was orchestrated to host an intervention on their marriage.,,32919,32919,6.1,5366
tt2438644,Department Q: The Keeper of Lost Causes,Kvinden i buret,2013,Not Rated,Zentropa Entertainments20,Denmark,Danish,96.0,Mikkel Nørgaard,Jussi Adler-Olsen,"Nikolaj Lie Kaas, Per Scheel Krüger, Troels Lyby","Crime, Mystery, Thriller","Police inspector Carl Mørck is put in charge of a department of cold cases, joined only by his assistant, Assad. They dig into a case about a disappeared woman.",EUR5000000,,13656380,7.2,22205
tt0043721,The Lady Says No,,1951,Not Rated,Ross-Stillman Productions Inc.,USA,English,80.0,Frank Ross,Robert Russell,"Joan Caulfield, David Niven, James Robertson Justice",Comedy,"A woman writes a best-selling book for women warning them about the ""dangers"" of men. A handsome photographer for a national magazine arrives in her town to do a feature story on her. Complications ensue.",,,,5.5,281
tt7958740,The Last Resort,,2018,,Scholl Creative,USA,English,70.0,Dennis Scholl,,"Edna Buchanan, Susan Gladstone, Stan Hughes","Documentary, History",An uncannily revealing portrait of American photographers Andy Sweet and Gary Monroe and the vibrant community of Jewish retirees they obsessively focused their camera's lens on in the sunburned paradise of 1970s Miami Beach.,,158646,158646,7.3,111
tt0234805,The Legend of Rita,Die Stille nach dem Schuß,2000,,ARTE,Germany,German,103.0,Volker Schlöndorff,Wolfgang Kohlhaase,"Bibiana Beglau, Richard Kropf, Martin Wuttke","Drama, Romance",Rita Vogt is a radical West German terrorist who abandons the revolution and settles in East Germany with a new identity provided by the East German secret service. She lives in constant ,,671565,,6.9,2026
tt0034985,The Living Ghost,,1942,Passed,Monogram Pictures,USA,English,61.0,William Beaudine,Howard Dimsdale,"James Dunn, Joan Woodbury, Paul McVey","Horror, Mystery, Thriller","Wise-cracking ex-detective Nick Trayne is called in to try to find the whereabouts of wealthy kidnap victim Walter Craig. Craig unexpectedly turns up alive but with apparent brain damage, ",,,,5.4,473
tt3908142,The Love Witch,,2016,Unrated,Anna Biller Productions,USA,English,,Anna Biller,Anna Biller,"Samantha Robinson, Jeffrey Vincent Parise, Laura Waddell","Comedy, Horror, Romance","A modern-day witch uses spells and magic to get men to fall in love with her, with deadly consequences.",,228894,246218,6.2,10375
tt2329032,The March Sisters at Christmas,,2012,TV-14,Moody Independent,USA,English,91.0,John Stimpson,Jennifer Maisel,"Julie Berman, Kaitlin Doubleday, Melissa Farman","Comedy, Family, Romance","To keep the family home from being sold, 4 very modern March sisters tackle home improvement on their own. But their romantic entanglements involving the boy next door, an old flame and a new acquaintance become a distraction.",,,,5.6,441
tt0055518,"The Minotaur, the Wild Beast of Crete",Teseo contro il minotauro,1960,Not Rated,Gino Mordini,Italy,Italian,105.0,Silvio Amadio,Gian Paolo Callegari,"Bob Mathias, Rosanna Schiaffino, Alberto Lupo","Adventure, Fantasy","King Minos sacrifices the 'required' virgins to the Minotaur. As his wife lies dying, she confesses that her daughter has a twin she has secreted to avoid giving one of the girls to the ",,,,5.0,252
tt0026755,The Mysterious Mr. Wong,,1934,Approved,Monogram Pictures,USA,English,63.0,William Nigh,Harry Stephen Keeler,"Bela Lugosi, Wallace Ford, Arline Judge",Mystery,"Investigating a series of murders in Chinatown, wise-guy reporter Jason Barton is captured by the megalomaniacal Mr. Wong, desperately trying to complete his collection of the twelve gold ",,,,4.9,627
tt3779858,The Other Kids,,2016,,Al Jazeera Documentary Channel,Spain,English,54.0,Pablo De La Chica,,"Papira Anthony, Vicente del Bosque, Juan Mata",Documentary,"Mubiru Reagan's life depends on a football scholarship. His dream is to emulate his idol, Fernando Torres, and be able to score a goal that will take his country, Uganda, to their first African Nations Cup. But above all he wants to study.",,,,7.1,41
tt0021092,The Pay-Off,,1930,Passed,RKO Radio Pictures,USA,English,65.0,Lowell Sherman,Samuel Shipman,"Lowell Sherman, Marian Nixon, Hugh Trevor","Action, Crime, Drama","A thug robs a young engaged couple of their last few dollars. When the thug's gang boss hears of the robbery, he gives them back their money and takes them under his wing. The thug, ",,,,5.6,208
tt2087984,The Pig Who Cried Werewolf,,2011,TV-PG,DreamWorks Animation,USA,English,6.0,Gary Trousdale,Gary Trousdale,"Sean Bishop, Cody Cameron, Aron Warner","Animation, Short, Comedy","The Three Pigs live in a house together, but Heimlich gets scared when he sees Wolf move in next door and acting strange.",,,,5.9,599
tt0780521,The Princess and the Frog,,2009,G,Walt Disney Animation Studios,USA,English,97.0,Ron Clements,Ron Clements,"Anika Noni Rose, Keith David, Oprah Winfrey","Animation, Adventure, Comedy","A waitress, desperate to fulfill her dreams as a restaurant owner, is set on a journey to turn a frog prince back into a human being, but she has to face the same problem after she kisses him.",105000000,104400899,267045765,7.1,113441
tt0497432,The Rage,,2007,R,Precinct 13 Entertainment,USA,English,85.0,Robert Kurtzman,John Bisson,"Andrew Divoff, Erin Brown, Ryan Hooks",Horror,"A crazed scientist experiments with a rage virus on innocent victims in a laboratory in the woods. When his monstrous subjects escape and vultures devour their remains, they became mutations seeking to feed on humans.",2000000,,,4.2,1675
